"animalID","season","age","birth_date","pupping_exp","total_resights","count_1_pup","MOA_proportion","dominant_area","avg_density","n_extreme_both","pupID","Wt_wean_corrected"
52,1996,10,1996-01-18,5,27,25,0.925925925925926,NA,NA,13,14451,120.949273100931
136,1996,9,1996-01-09,2,22,22,1,NA,NA,13,14524,96.2343761881587
151,1997,10,1997-01-31,3,22,22,1,NA,NA,0,NA,NA
1145,2006,5,2006-01-19,2,16,16,1,NA,NA,37,NA,NA
1349,2011,9,2011-01-18,2,14,14,1,NA,NA,10,NA,NA
1403,2012,10,2012-01-30,4,19,19,1,NA,NA,15,40186,135.816002203604
1464,2011,9,2011-01-14,3,18,18,1,NA,NA,10,NA,NA
1464,2012,10,2012-01-28,4,20,20,1,NA,NA,15,40618,123.206138001004
1479,2006,4,2006-01-16,0,14,13,0.928571428571429,NA,NA,37,NA,NA
1479,2007,5,2007-01-24,1,18,18,1,NA,NA,17,NA,NA
1561,2020,18,2020-02-14,12,18,18,1,"TSB",20.3571428571429,9,52129,123.423765945802
1561,2022,20,2022-02-13,14,15,15,1,"TSB",20.4,6,55478,103.169236375019
1636,2012,9,2012-01-07,4,14,13,0.928571428571429,NA,NA,15,NA,NA
1636,2013,10,2013-01-07,5,14,14,1,NA,NA,19,42069,163.90456947026
1914,2007,4,2007-01-12,0,15,13,0.866666666666667,NA,NA,17,NA,NA
1914,2008,5,2008-02-04,1,14,14,1,NA,NA,30,NA,NA
1920,2010,7,2010-01-19,2,15,15,1,NA,NA,42,NA,NA
2024,2012,9,2012-01-17,1,14,14,1,NA,NA,15,NA,NA
2024,2013,10,2013-01-21,2,16,3,0.1875,NA,NA,19,NA,NA
2078,2017,14,2017-01-17,3,18,18,1,NA,NA,30,48203,140.305322903347
2152,2011,8,2011-01-13,1,19,19,1,NA,NA,10,37652,137.886404599972
2156,2010,7,2010-01-04,3,28,20,0.714285714285714,NA,NA,42,36141,99.8178770719813
2156,2014,11,2014-01-03,5,14,14,1,NA,NA,6,NA,NA
2341,2011,7,2011-01-08,2,14,14,1,NA,NA,10,37655,131.688640233417
2341,2013,9,2013-01-07,3,22,22,1,NA,NA,19,NA,NA
2341,2014,10,2014-01-07,4,22,22,1,NA,NA,6,44031,148.517239844477
2341,2017,13,2017-01-03,6,18,18,1,NA,NA,30,NA,NA
2406,2010,6,2010-01-08,1,22,8,0.363636363636364,NA,NA,42,NA,NA
2406,2013,9,2013-01-13,4,15,15,1,NA,NA,19,42112,160.878958836228
2406,2014,10,2014-01-14,5,14,14,1,NA,NA,6,NA,NA
2456,2011,7,2011-01-19,2,20,20,1,NA,NA,10,NA,NA
3188,2010,5,2010-01-10,1,16,15,0.9375,NA,NA,42,NA,NA
3218,2010,5,2010-01-17,1,15,5,0.333333333333333,NA,NA,42,NA,NA
3218,2011,6,2011-01-17,2,15,14,0.933333333333333,NA,NA,10,37709,116.284508779751
3355,2011,5,2011-01-11,1,14,14,1,NA,NA,10,NA,NA
3674,2012,6,2012-01-25,1,21,21,1,NA,NA,15,40047,130.754349189628
3674,2013,7,2013-01-30,2,18,18,1,NA,NA,19,42725,143.608723641516
3687,2021,15,2020-12-30,5,14,13,0.928571428571429,"APG",42.9950372208437,37,NA,NA
3743,2011,5,2011-01-21,1,17,13,0.764705882352941,NA,NA,10,NA,NA
3743,2012,6,2012-01-30,2,14,14,1,NA,NA,15,40656,120.303638927265
3778,2011,5,2011-01-08,1,18,17,0.944444444444444,NA,NA,10,NA,NA
3778,2012,6,2012-01-13,2,14,14,1,NA,NA,15,39823,137.139734488467
5818,1996,15,1996-01-10,7,28,28,1,NA,NA,13,NA,NA
5818,1997,16,1997-01-14,8,22,22,1,NA,NA,0,NA,NA
6332,1996,14,1996-01-29,9,21,21,1,NA,NA,13,NA,NA
6607,1996,13,1996-02-02,1,29,29,1,NA,NA,13,15028,141
7259,1996,12,1996-01-16,7,32,30,0.9375,NA,NA,13,14440,130.587291946574
7679,1996,12,1996-01-18,8,24,24,1,NA,NA,13,NA,NA
7679,1997,13,1997-01-22,9,21,21,1,NA,NA,0,NA,NA
7838,1996,12,1996-02-02,6,24,24,1,NA,NA,13,NA,NA
8055,1996,12,1996-01-26,8,23,23,1,NA,NA,13,NA,NA
8070,1996,12,1996-01-06,6,26,26,1,NA,NA,13,14607,157.843166439799
8070,1997,13,1997-01-10,7,20,20,1,NA,NA,0,NA,NA
8123,1996,12,1996-01-20,7,15,15,1,NA,NA,13,14647,149.09958679749
8184,1996,12,1996-01-31,6,26,26,1,NA,NA,13,NA,NA
8308,1996,12,1996-01-29,6,25,25,1,NA,NA,13,14985,139.922457642551
8308,1997,13,1997-01-29,7,21,21,1,NA,NA,0,NA,NA
8342,1996,12,1996-01-14,7,18,18,1,NA,NA,13,NA,NA
8482,1996,15,1996-01-28,7,27,27,1,NA,NA,13,NA,NA
8680,1996,11,1996-01-06,6,24,24,1,NA,NA,13,14605,159.362650416398
8680,1997,12,1997-01-09,7,17,17,1,NA,NA,0,NA,NA
8749,1996,11,1996-01-28,7,26,26,1,NA,NA,13,15013,138.564012693011
8749,1997,12,1997-02-01,8,23,23,1,NA,NA,0,NA,NA
8909,1996,10,1996-01-28,4,17,16,0.941176470588235,NA,NA,13,NA,NA
8934,1996,10,1996-01-18,5,26,26,1,NA,NA,13,14641,127.829199505241
9151,1996,11,1996-01-12,2,26,26,1,NA,NA,13,14577,72.7935439959307
9172,1996,11,1996-01-22,6,20,20,1,NA,NA,13,NA,NA
9176,2004,19,2004-01-25,9,17,17,1,NA,NA,16,2374,154.598181814661
9275,1996,10,1996-01-17,3,22,22,1,NA,NA,13,14659,132.006576429647
9311,1996,10,1996-01-27,6,27,27,1,NA,NA,13,15033,132.78906909014
9463,1996,10,1996-01-20,5,20,19,0.95,NA,NA,13,NA,NA
9615,1996,10,1996-01-23,5,24,24,1,NA,NA,13,14734,153.601967558919
9623,1996,10,1996-01-18,4,16,16,1,NA,NA,13,NA,NA
9963,1996,5,1996-01-23,0,24,24,1,NA,NA,13,NA,NA
9999,1996,5,1996-01-15,1,27,26,0.962962962962963,NA,NA,13,14566,116.007080394149
9999,1997,6,1997-01-21,2,20,20,1,NA,NA,0,NA,NA
10031,1996,5,1995-12-30,0,16,16,1,NA,NA,13,NA,NA
10103,1996,4,1996-01-18,0,20,18,0.9,NA,NA,13,NA,NA
10110,1996,4,1996-01-01,0,32,28,0.875,NA,NA,13,NA,NA
10110,1997,5,1997-01-19,1,21,21,1,NA,NA,0,NA,NA
10135,1996,4,1996-01-12,1,14,11,0.785714285714286,NA,NA,13,NA,NA
10193,1996,9,1996-01-25,2,20,10,0.5,NA,NA,13,NA,NA
10210,1996,9,1996-01-22,5,21,21,1,NA,NA,13,NA,NA
10215,1996,9,1995-12-31,4,20,20,1,NA,NA,13,NA,NA
10286,1996,9,1996-01-19,1,18,18,1,NA,NA,13,NA,NA
10293,1996,9,1996-02-02,5,21,21,1,NA,NA,13,NA,NA
10295,1996,9,1996-01-19,3,21,21,1,NA,NA,13,NA,NA
10322,1996,9,1996-01-25,1,29,29,1,NA,NA,13,NA,NA
10488,1997,9,1997-02-04,4,22,22,1,NA,NA,0,NA,NA
10503,1996,8,1996-01-16,0,24,24,1,NA,NA,13,14466,114.405699572361
10523,1996,8,1996-01-16,3,26,25,0.961538461538462,NA,NA,13,NA,NA
10551,1996,8,1996-01-14,1,25,25,1,NA,NA,13,14438,153.724161428629
10551,1997,9,1997-01-14,2,21,21,1,NA,NA,0,NA,NA
10562,1996,8,1996-02-02,0,24,24,1,NA,NA,13,NA,NA
10564,1996,8,1996-01-08,4,26,26,1,NA,NA,13,14477,140.232864035423
10599,1996,8,1996-01-26,4,22,22,1,NA,NA,13,NA,NA
10616,1996,8,1996-01-18,4,23,23,1,NA,NA,13,14547,145.587087991861
10616,1997,9,1997-01-10,5,18,18,1,NA,NA,0,NA,NA
10656,1996,8,1996-01-22,2,26,26,1,NA,NA,13,14819,123.567531293308
10656,1997,9,1997-01-25,3,22,22,1,NA,NA,0,15322,146.307288876192
10677,1996,8,1996-01-31,3,26,25,0.961538461538462,NA,NA,13,15027,125.690312565842
10677,2001,13,2001-01-30,7,17,17,1,NA,NA,25,17052,123.972293977221
10687,1996,8,1996-01-12,3,21,21,1,NA,NA,13,14531,133.838010406604
10688,1996,8,1996-02-04,3,28,27,0.964285714285714,NA,NA,13,15015,141.507671778672
10688,1997,9,1997-02-07,4,23,23,1,NA,NA,0,NA,NA
10688,2001,13,2001-02-11,5,15,15,1,NA,NA,25,1094,157.263452110363
10699,1996,8,1996-01-08,3,25,25,1,NA,NA,13,14518,133.927535161041
10704,1996,8,1996-01-28,1,25,25,1,NA,NA,13,14773,127.957866880042
10730,1996,8,1996-01-17,3,24,24,1,NA,NA,13,NA,NA
10839,1996,8,1996-01-23,2,24,24,1,NA,NA,13,14764,133.268180546396
10839,1997,9,1997-01-27,3,23,23,1,NA,NA,0,NA,NA
10844,1996,8,1996-01-05,2,20,19,0.95,NA,NA,13,NA,NA
10847,1996,8,1996-01-23,5,26,26,1,NA,NA,13,NA,NA
10898,1996,7,1996-01-14,2,23,23,1,NA,NA,13,NA,NA
10899,1996,7,1996-01-15,3,26,23,0.884615384615385,NA,NA,13,NA,NA
10899,1997,8,1997-01-18,4,22,22,1,NA,NA,0,NA,NA
10918,1996,7,1996-01-24,2,22,22,1,NA,NA,13,14551,117.006423437026
10947,1996,7,1996-01-11,2,21,21,1,NA,NA,13,NA,NA
10953,1996,7,1996-01-20,1,26,26,1,NA,NA,13,NA,NA
10953,1997,8,1997-01-30,2,20,20,1,NA,NA,0,NA,NA
10953,2001,12,2001-01-17,4,15,15,1,NA,NA,25,17011,138.914624594441
10971,1996,7,1996-01-28,2,14,14,1,NA,NA,13,NA,NA
11023,2002,13,2002-01-30,2,14,14,1,NA,NA,11,1375,144.573658954178
11048,1996,7,1996-01-25,3,25,24,0.96,NA,NA,13,NA,NA
11048,2004,15,2004-01-23,6,16,16,1,NA,NA,16,NA,NA
11070,1996,7,1996-02-01,2,31,31,1,NA,NA,13,NA,NA
11084,1996,7,1996-01-25,1,24,24,1,NA,NA,13,14740,106.115591756408
11100,2001,12,2001-02-02,2,17,17,1,NA,NA,25,17047,139.914585588505
11216,1996,6,1996-01-15,2,26,26,1,NA,NA,13,14441,102.884367144363
11313,1996,6,1996-01-22,0,18,18,1,NA,NA,13,NA,NA
11337,1996,6,1996-01-30,1,34,17,0.5,NA,NA,13,NA,NA
11364,1996,6,1996-01-25,2,18,18,1,NA,NA,13,NA,NA
11393,1996,6,1996-01-25,2,25,25,1,NA,NA,13,14798,128.781057956805
11405,1996,6,1996-02-02,2,26,26,1,NA,NA,13,15024,112.297082538334
11424,1996,6,1996-01-16,1,32,28,0.875,NA,NA,13,14711,130.906521626067
11424,1997,7,1997-01-24,2,23,23,1,NA,NA,0,NA,NA
11424,2004,14,2004-01-27,5,19,15,0.789473684210526,NA,NA,16,2445,136.011634257611
11519,1996,6,1996-01-12,0,26,26,1,NA,NA,13,NA,NA
11617,1997,6,1997-02-02,3,21,21,1,NA,NA,0,NA,NA
11619,1996,5,1996-01-19,2,17,17,1,NA,NA,13,14623,132.252131935846
11621,1996,5,1996-01-21,0,24,24,1,NA,NA,13,14675,113.551083809571
11621,1997,6,1997-01-21,1,20,20,1,NA,NA,0,15187,134.732920262339
11782,1996,5,1996-01-19,1,18,18,1,NA,NA,13,NA,NA
11802,1997,6,1997-02-01,2,21,21,1,NA,NA,0,NA,NA
11802,2001,10,2001-02-04,4,27,27,1,NA,NA,25,14854,147.791649456996
11805,1996,5,1995-12-31,1,15,15,1,NA,NA,13,14603,105.280489666586
11809,1996,5,1996-01-28,1,21,20,0.952380952380952,NA,NA,13,NA,NA
11896,1996,5,1996-01-23,1,24,24,1,NA,NA,13,NA,NA
12003,1996,4,1996-01-24,0,21,21,1,NA,NA,13,NA,NA
12069,1996,4,1996-01-13,0,17,17,1,NA,NA,13,NA,NA
12075,1996,4,1996-01-13,0,28,27,0.964285714285714,NA,NA,13,NA,NA
12091,1996,4,1996-01-14,0,23,19,0.826086956521739,NA,NA,13,14563,104.993611612078
12091,2005,13,2005-01-23,7,15,15,1,NA,NA,12,17146,147.683321827977
12105,1996,4,1996-01-24,0,24,24,1,NA,NA,13,14769,91.8270848687675
12753,2002,8,2002-01-17,1,26,26,1,NA,NA,11,1328,112.331037221688
12935,2002,8,2002-01-16,3,22,22,1,NA,NA,11,NA,NA
13134,2006,12,2006-01-09,5,14,14,1,NA,NA,37,NA,NA
13222,1996,12,1996-01-18,6,28,28,1,NA,NA,13,NA,NA
13222,2001,17,2001-01-15,8,14,14,1,NA,NA,25,NA,NA
13621,2006,11,2006-01-15,5,18,17,0.944444444444444,NA,NA,37,NA,NA
13641,2000,5,2000-01-17,0,15,15,1,NA,NA,20,NA,NA
13709,2005,10,2005-02-03,4,21,21,1,NA,NA,12,17134,103.640707894107
13808,2001,6,2001-01-17,0,14,14,1,NA,NA,25,16942,112.686475483425
13808,2004,9,2004-01-13,3,14,14,1,NA,NA,16,NA,NA
13851,2000,5,2000-01-27,0,14,12,0.857142857142857,NA,NA,20,NA,NA
13891,2003,8,2003-01-08,3,21,21,1,NA,NA,19,NA,NA
13891,2004,9,2004-01-07,4,16,16,1,NA,NA,16,NA,NA
13938,2006,11,2006-01-15,6,16,16,1,NA,NA,37,3420,140.113791057004
13938,2013,18,2013-01-16,11,17,17,1,NA,NA,19,42260,122.457051167184
13970,2001,6,2001-01-09,1,16,16,1,NA,NA,25,16954,122.46315215341
13976,2005,10,2005-01-15,3,16,16,1,NA,NA,12,2866,139.327924765034
13987,2003,8,2003-01-14,4,20,20,1,NA,NA,19,NA,NA
13987,2007,12,2007-01-11,6,16,16,1,NA,NA,17,20432,140.113350686495
14092,2007,12,2007-01-21,2,15,14,0.933333333333333,NA,NA,17,20435,126.74847672694
14123,2001,6,2001-01-21,0,16,16,1,NA,NA,25,NA,NA
14123,2005,10,2005-01-23,4,16,16,1,NA,NA,12,17093,122.599567174879
14123,2011,16,2011-01-26,8,20,14,0.7,NA,NA,10,NA,NA
14213,2002,7,2002-01-26,1,25,25,1,NA,NA,11,16346,138.808384103951
14339,2000,5,2000-01-06,0,15,15,1,NA,NA,20,NA,NA
14460,2000,4,2000-01-11,0,16,16,1,NA,NA,20,NA,NA
14460,2002,6,2002-01-11,2,23,23,1,NA,NA,11,1273,131.36791615597
14460,2009,13,2009-01-12,7,15,9,0.6,NA,NA,12,NA,NA
14460,2010,14,2010-01-08,8,19,19,1,NA,NA,42,NA,NA
14629,2003,7,2003-02-02,0,19,19,1,NA,NA,19,1703,137.206490207346
14759,2009,13,2009-01-17,9,16,14,0.875,NA,NA,12,NA,NA
14759,2011,15,2011-01-22,11,15,14,0.933333333333333,NA,NA,10,NA,NA
14759,2012,16,2012-01-18,12,20,19,0.95,NA,NA,15,40286,153.871420708559
14759,2013,17,2013-01-22,13,14,12,0.857142857142857,NA,NA,19,42607,166.108275340639
14759,2015,19,2015-01-25,15,15,15,1,NA,NA,1,NA,NA
14847,2004,8,2004-01-09,1,17,16,0.941176470588235,NA,NA,16,2315,161.672108269608
14881,2010,8,2010-01-16,3,22,22,1,NA,NA,42,NA,NA
14883,2007,5,2007-01-18,0,17,17,1,NA,NA,17,20404,108.701999213667
14906,2004,8,2004-01-22,2,14,14,1,NA,NA,16,NA,NA
15007,2004,8,2003-12-31,1,17,16,0.941176470588235,NA,NA,16,2303,147.41434975502
15035,2003,7,2003-01-26,3,15,15,1,NA,NA,19,1846,129.359175869335
15316,2005,9,2005-01-30,3,21,20,0.952380952380952,NA,NA,12,17499,120.717335536491
15693,2003,5,2003-01-07,1,15,7,0.466666666666667,NA,NA,19,NA,NA
15701,2011,13,2011-01-15,8,18,18,1,NA,NA,10,37706,147.99294807184
15706,2005,7,2005-01-28,2,17,17,1,NA,NA,12,17535,118.09273328292
15706,2011,13,2011-01-23,8,16,16,1,NA,NA,10,37790,109.889959087348
15727,2002,4,2002-01-06,0,19,16,0.842105263157895,NA,NA,11,1252,112.92421066377
15787,2011,13,2011-01-07,6,18,18,1,NA,NA,10,37717,145.14455855067
15793,2005,7,2005-02-07,2,15,15,1,NA,NA,12,17128,108.283071916402
15793,2011,13,2011-01-17,5,24,23,0.958333333333333,NA,NA,10,37712,136.964519009221
15805,2010,12,2010-01-12,1,21,21,1,NA,NA,42,35876,120.773937957725
15814,2010,12,2010-01-06,6,18,18,1,NA,NA,42,NA,NA
15814,2011,13,2011-01-11,7,15,14,0.933333333333333,NA,NA,10,37651,101.387400365856
15814,2013,15,2013-01-20,9,14,14,1,NA,NA,19,42259,151.807562894094
15836,2003,5,2003-01-17,0,20,9,0.45,NA,NA,19,NA,NA
15850,2002,4,2002-01-09,0,23,23,1,NA,NA,11,1248,111.207685446222
15873,2003,5,2003-02-04,1,17,17,1,NA,NA,19,2164,115.455748594035
15891,2010,12,2010-01-15,4,15,15,1,NA,NA,42,NA,NA
15911,2002,4,2002-01-10,0,28,28,1,NA,NA,11,1293,78.2988832377377
15911,2005,7,2005-01-17,2,18,18,1,NA,NA,12,17314,121.655876097491
15911,2006,8,2006-01-21,3,16,16,1,NA,NA,37,17772,106.781915007236
16089,2004,5,2004-01-19,2,14,14,1,NA,NA,16,2344,123.124018676362
16157,2003,4,2003-01-20,0,20,20,1,NA,NA,19,NA,NA
16157,2005,6,2005-01-21,2,18,18,1,NA,NA,12,17416,164.477369668469
16157,2011,12,2011-01-17,7,18,18,1,NA,NA,10,NA,NA
16157,2012,13,2012-01-21,8,21,21,1,NA,NA,15,40520,158.814365449445
16157,2013,14,2013-01-20,9,17,17,1,NA,NA,19,NA,NA
16190,2003,4,2003-01-14,0,21,20,0.952380952380952,NA,NA,19,1709,123.735268924903
16218,2005,6,2005-02-03,2,18,18,1,NA,NA,12,17131,101.092859268711
16218,2011,12,2011-01-18,8,25,17,0.68,NA,NA,10,37843,119.905973590263
16236,2014,15,2014-01-19,9,15,15,1,NA,NA,6,NA,NA
16258,2003,4,2003-01-13,0,17,17,1,NA,NA,19,NA,NA
16295,2004,5,2004-01-18,1,17,15,0.88235294117647,NA,NA,16,2443,124.741563963732
16295,2006,7,2006-01-27,3,16,16,1,NA,NA,37,3125,150.855374239127
16322,2010,10,2010-01-16,3,15,14,0.933333333333333,NA,NA,42,NA,NA
16339,2010,8,2010-01-22,4,17,16,0.941176470588235,NA,NA,42,36087,132.676487107792
16339,2011,9,2011-01-23,5,18,17,0.944444444444444,NA,NA,10,38315,151.789463243703
16359,2010,8,2010-01-24,4,14,14,1,NA,NA,42,NA,NA
16411,2011,11,2011-01-10,3,15,15,1,NA,NA,10,NA,NA
16411,2012,12,2012-01-10,4,19,18,0.947368421052632,NA,NA,15,40183,140.883062359366
16411,2013,13,2013-01-12,5,18,17,0.944444444444444,NA,NA,19,NA,NA
16411,2017,17,2017-01-10,8,16,16,1,"BMS",24.3695652173913,30,NA,NA
16429,2012,12,2012-01-02,4,21,21,1,NA,NA,15,NA,NA
16429,2014,14,2014-01-11,6,16,16,1,NA,NA,6,NA,NA
16434,2010,11,2010-01-11,6,16,15,0.9375,NA,NA,42,NA,NA
16434,2011,12,2011-01-13,7,15,15,1,NA,NA,10,37653,146.519945449797
16464,2004,4,2004-01-05,0,17,17,1,NA,NA,16,NA,NA
16464,2010,10,2010-01-24,5,20,20,1,NA,NA,42,36077,153.092516646576
16503,2004,4,2004-01-13,0,18,13,0.722222222222222,NA,NA,16,NA,NA
16545,2004,4,2004-01-25,0,16,16,1,NA,NA,16,2375,89.0339976313646
16545,2010,10,2010-01-06,3,22,21,0.954545454545455,NA,NA,42,36088,82.5782326878404
16545,2011,11,2011-01-11,4,16,16,1,NA,NA,10,38033,101.014825808672
16545,2012,12,2012-01-06,5,20,20,1,NA,NA,15,40122,129.810941282615
16545,2013,13,2013-01-06,6,26,26,1,NA,NA,19,NA,NA
16553,2005,5,2005-01-23,1,20,20,1,NA,NA,12,17090,128.015805568747
16553,2009,9,2009-01-03,4,14,14,1,NA,NA,12,NA,NA
16553,2010,10,2009-12-31,5,15,12,0.8,NA,NA,42,NA,NA
16553,2012,12,2011-12-31,7,18,17,0.944444444444444,NA,NA,15,NA,NA
16563,2007,7,2007-01-26,2,14,14,1,NA,NA,17,20439,103.640707894107
16608,2005,5,2005-02-09,1,17,17,1,NA,NA,12,2967,107.639624186705
16608,2010,10,2010-01-19,4,15,15,1,NA,NA,42,35964,129.601948523972
16728,2008,5,2008-01-24,1,14,14,1,NA,NA,30,32820,127.506153281543
16758,2010,10,2010-01-10,3,20,19,0.95,NA,NA,42,35877,140.268985882411
16774,2011,10,2011-01-12,3,15,13,0.866666666666667,NA,NA,10,38111,137.514879852855
16792,2012,12,2012-01-22,5,17,16,0.941176470588235,NA,NA,15,NA,NA
16792,2013,13,2013-01-23,6,17,17,1,NA,NA,19,41917,141.666221415549
16945,2010,9,2010-01-25,3,15,15,1,NA,NA,42,NA,NA
16945,2011,10,2011-01-23,4,14,13,0.928571428571429,NA,NA,10,NA,NA
16971,2010,9,2010-01-17,5,14,14,1,NA,NA,42,NA,NA
16971,2014,13,2014-01-16,9,18,18,1,NA,NA,6,44055,156.596734857327
17045,2006,5,2006-01-08,1,16,15,0.9375,NA,NA,37,17588,116.979633867177
17071,2022,17,2022-01-06,7,20,20,1,"APG",24.5,6,NA,NA
17080,2011,6,2011-01-10,1,16,13,0.8125,NA,NA,10,NA,NA
17080,2017,12,2017-01-30,6,15,15,1,"TSC",17,30,48287,140.712291959569
17087,2012,7,2012-01-29,3,16,14,0.875,NA,NA,15,40187,147.71465745197
17087,2013,8,2013-01-28,4,15,15,1,NA,NA,19,42580,151.177363830282
17087,2014,9,2014-01-21,5,17,17,1,NA,NA,6,44191,142.513073206731
17087,2015,10,2015-01-19,6,16,15,0.9375,NA,NA,1,NA,NA
17094,2010,5,2010-01-06,1,16,16,1,NA,NA,42,NA,NA
17094,2013,8,2013-01-08,4,14,14,1,NA,NA,19,41766,136.483038954037
17159,2010,5,2010-01-20,1,21,21,1,NA,NA,42,35980,118.004067488378
17210,2010,5,2010-01-06,0,14,14,1,NA,NA,42,NA,NA
17210,2012,7,2012-01-08,1,19,18,0.947368421052632,NA,NA,15,39824,137.564129028299
17210,2013,8,2013-01-09,2,22,18,0.818181818181818,NA,NA,19,NA,NA
17210,2014,9,2014-01-12,3,14,14,1,NA,NA,6,44150,137.489873059732
17210,2015,10,2015-01-11,4,19,19,1,NA,NA,1,45126,153.060040184047
17258,2010,5,2010-01-22,1,15,15,1,NA,NA,42,NA,NA
17258,2011,6,2011-01-25,2,17,17,1,NA,NA,10,38171,132.316720769836
17258,2012,7,2012-01-23,3,17,14,0.823529411764706,NA,NA,15,NA,NA
17258,2021,16,2021-01-30,11,14,14,1,"NP4",15.7213114754098,37,53285,127.957866880042
17258,2022,17,2022-01-23,12,15,11,0.733333333333333,"NP3",14.0588235294118,6,NA,NA
17302,2014,9,2014-01-03,1,20,20,1,NA,NA,6,NA,NA
17302,2015,10,2015-01-05,2,15,15,1,NA,NA,1,NA,NA
17302,2017,12,2017-01-12,4,18,18,1,NA,NA,30,NA,NA
17302,2021,16,2020-12-29,7,21,21,1,"APG",42.9950372208437,37,NA,NA
17302,2022,17,2022-01-04,8,16,16,1,"APG",24.5,6,NA,NA
17302,2024,19,2023-12-30,9,18,16,0.888888888888889,"APG",26.7880794701987,NA,NA,NA
17352,2011,6,2011-01-10,2,17,17,1,NA,NA,10,NA,NA
17361,2015,10,2015-01-15,2,16,16,1,NA,NA,1,NA,NA
17397,2009,4,2009-01-03,0,15,14,0.933333333333333,NA,NA,12,NA,NA
17398,2012,7,2012-01-08,3,17,16,0.941176470588235,NA,NA,15,NA,NA
17398,2013,8,2013-01-13,4,21,21,1,NA,NA,19,41783,150.88212024251
17516,2012,7,2012-02-01,3,15,15,1,NA,NA,15,40188,139.044958488967
17516,2015,10,2015-01-27,6,15,13,0.866666666666667,NA,NA,1,NA,NA
17540,2010,5,2010-01-10,0,19,15,0.789473684210526,NA,NA,42,NA,NA
17637,2012,6,2012-02-03,2,17,16,0.941176470588235,NA,NA,15,40642,133.469600099953
17637,2019,13,2019-01-12,7,15,15,1,"NP3",17,36,49970,144.384788360079
17646,2010,4,2010-01-04,0,21,14,0.666666666666667,NA,NA,42,NA,NA
17671,2012,6,2012-01-21,0,14,14,1,NA,NA,15,40045,94.0425459400398
17671,2013,7,2013-01-19,1,14,14,1,NA,NA,19,42507,91.1483001907048
17692,2011,5,2011-01-02,0,15,1,0.0666666666666667,NA,NA,10,NA,NA
17705,2010,4,2010-01-11,0,18,18,1,NA,NA,42,NA,NA
17705,2011,5,2011-01-08,1,17,16,0.941176470588235,NA,NA,10,NA,NA
17705,2012,6,2012-01-07,2,14,14,1,NA,NA,15,40050,155.518013228036
17705,2013,7,2013-01-13,3,19,19,1,NA,NA,19,42307,143.854824847652
17705,2015,9,2015-01-16,5,18,18,1,NA,NA,1,NA,NA
17705,2017,11,2017-01-15,7,15,5,0.333333333333333,NA,NA,30,NA,NA
17705,2021,15,2021-01-21,9,19,19,1,"NP1",20.8166666666667,37,NA,NA
17774,2011,5,2011-01-25,0,18,18,1,NA,NA,10,NA,NA
17783,2011,5,2011-01-15,1,14,14,1,NA,NA,10,NA,NA
17786,2010,4,2010-01-11,0,23,17,0.739130434782609,NA,NA,42,NA,NA
17786,2012,6,2012-01-26,2,15,15,1,NA,NA,15,40613,110.12767231479
17931,1996,11,1996-01-25,5,23,23,1,NA,NA,13,14765,142.01165450635
17931,1997,12,1997-01-31,6,19,19,1,NA,NA,0,15437,132.902051811423
17975,2004,7,2003-12-31,2,14,14,1,NA,NA,16,NA,NA
17996,2011,9,2011-01-17,3,17,17,1,NA,NA,10,37710,80.5651766447348
18080,1996,11,1996-01-30,8,25,25,1,NA,NA,13,NA,NA
19595,1996,5,1996-02-04,0,28,27,0.964285714285714,NA,NA,13,NA,NA
19604,1996,4,1996-01-23,0,23,4,0.173913043478261,NA,NA,13,NA,NA
19604,1997,5,1997-01-16,1,22,20,0.909090909090909,NA,NA,0,NA,NA
19605,1997,5,1997-01-26,1,17,16,0.941176470588235,NA,NA,0,NA,NA
19605,2003,11,2003-01-14,3,16,16,1,NA,NA,19,1768,100.050011669823
19607,1996,3,1996-01-20,0,23,23,1,NA,NA,13,NA,NA
19607,1997,4,1997-01-21,1,21,20,0.952380952380952,NA,NA,0,NA,NA
19612,2004,5,2004-02-05,0,17,16,0.941176470588235,NA,NA,16,2581,119.015809718444
19681,2001,5,2001-01-14,0,16,2,0.125,NA,NA,25,NA,NA
19697,2002,4,2002-01-02,0,26,26,1,NA,NA,11,1219,100.419784765796
19899,2010,7,2010-01-02,3,18,18,1,NA,NA,42,35746,121.9844935734
19971,2012,11,2011-12-28,6,18,18,1,NA,NA,15,NA,NA
19971,2013,12,2013-01-04,7,18,18,1,NA,NA,19,41762,157.851030413128
19983,2004,3,2004-01-05,0,14,7,0.5,NA,NA,16,NA,NA
19988,2012,11,2012-01-29,7,18,18,1,NA,NA,15,40109,146.457377924118
19988,2019,18,2019-01-22,12,16,16,1,"BMS",15.2083333333333,36,NA,NA
19993,2012,11,2012-01-24,6,17,17,1,NA,NA,15,40379,129.971922764538
20079,1996,7,1996-01-07,2,19,19,1,NA,NA,13,NA,NA
20186,2001,10,2000-12-29,3,16,16,1,NA,NA,25,16778,128.623651671346
20200,1996,5,1996-01-07,1,16,15,0.9375,NA,NA,13,NA,NA
20258,1996,12,1996-01-20,4,25,25,1,NA,NA,13,14452,104.018365892509
20274,1996,10,1996-01-20,3,29,29,1,NA,NA,13,NA,NA
20274,2002,16,2002-01-22,8,16,15,0.9375,NA,NA,11,1368,129.970895626777
20277,1996,10,1996-02-01,5,26,26,1,NA,NA,13,15072,110.307054569045
20287,1996,9,1996-01-24,4,25,24,0.96,NA,NA,13,NA,NA
20294,1996,9,1996-01-22,5,24,24,1,NA,NA,13,14752,150.197926323174
20419,2011,4,2011-01-07,0,17,12,0.705882352941177,NA,NA,10,NA,NA
20437,2011,4,2011-01-18,0,15,13,0.866666666666667,NA,NA,10,38281,83.7828913957739
20437,2012,5,2012-01-24,1,20,20,1,NA,NA,15,40049,116.755308654857
20454,2011,4,2011-01-06,0,16,15,0.9375,NA,NA,10,NA,NA
20454,2014,7,2014-01-03,1,22,22,1,NA,NA,6,NA,NA
20516,2010,4,2010-01-02,0,19,16,0.842105263157895,NA,NA,42,NA,NA
20551,2012,5,2012-01-25,1,15,15,1,NA,NA,15,40382,131.811640131707
20551,2013,6,2013-02-01,2,19,19,1,NA,NA,19,NA,NA
20588,2011,4,2011-01-08,0,15,14,0.933333333333333,NA,NA,10,NA,NA
20596,2011,4,2011-01-06,0,14,13,0.928571428571429,NA,NA,10,NA,NA
20615,2011,4,2011-01-02,0,17,17,1,NA,NA,10,37793,131.542525344273
20615,2013,6,2012-12-31,2,16,15,0.9375,NA,NA,19,41763,145.413429870141
20616,2011,4,2011-01-13,0,19,19,1,NA,NA,10,NA,NA
20642,2011,4,2011-01-11,0,18,17,0.944444444444444,NA,NA,10,38031,127.429149103934
20643,2011,4,2011-01-14,0,21,20,0.952380952380952,NA,NA,10,38045,116.985829641107
20643,2012,5,2012-01-23,1,20,20,1,NA,NA,15,NA,NA
20643,2013,6,2013-01-18,2,18,18,1,NA,NA,19,42207,161.333545500063
20643,2015,8,2015-01-24,4,16,14,0.875,NA,NA,1,NA,NA
20643,2018,11,2018-01-22,7,15,11,0.733333333333333,"SBE",25.9178082191781,9,49389,145.158760460638
20650,2012,5,2011-12-16,0,14,14,1,NA,NA,15,39825,101.732428752416
20650,2013,6,2012-12-29,1,20,20,1,NA,NA,19,41826,140.472880733903
20650,2014,7,2014-01-03,2,16,16,1,NA,NA,6,NA,NA
20650,2019,12,2019-01-10,7,14,14,1,"NP3",17,36,49956,147.998930872784
20710,2014,7,2014-01-02,0,26,26,1,NA,NA,6,44007,151.866189357468
20756,2012,5,2012-01-08,1,17,16,0.941176470588235,NA,NA,15,NA,NA
20758,2011,4,2011-01-25,0,16,15,0.9375,NA,NA,10,NA,NA
20838,2011,4,2011-01-15,0,18,10,0.555555555555556,NA,NA,10,NA,NA
20844,2013,6,2013-01-05,0,17,16,0.941176470588235,NA,NA,19,41684,131.811640131707
20844,2014,7,2014-01-15,1,15,15,1,NA,NA,6,NA,NA
20873,2013,6,2013-01-19,0,17,16,0.941176470588235,NA,NA,19,41848,127.668677162094
20873,2014,7,2014-01-20,1,15,15,1,NA,NA,6,NA,NA
20875,2011,4,2011-01-13,0,19,18,0.947368421052632,NA,NA,10,NA,NA
20875,2012,5,2012-01-14,1,20,17,0.85,NA,NA,15,40184,127.674028812999
20877,2011,4,2011-01-14,0,18,16,0.888888888888889,NA,NA,10,NA,NA
20914,2012,5,2012-01-18,1,15,15,1,NA,NA,15,40279,124.666274845683
20924,2012,5,2012-01-12,1,15,15,1,NA,NA,15,40185,109.059850040454
22325,2011,5,2010-12-31,0,22,21,0.954545454545455,NA,NA,10,NA,NA
22360,2011,4,2011-01-18,0,19,11,0.578947368421053,NA,NA,10,NA,NA
23178,2012,4,2012-01-13,0,18,18,1,NA,NA,15,40197,108.454939467421
23178,2014,6,2014-01-16,2,14,14,1,NA,NA,6,44039,135.952843821928
23178,2015,7,2015-01-16,3,17,16,0.941176470588235,NA,NA,1,NA,NA
26313,2012,4,2012-01-24,0,17,16,0.941176470588235,NA,NA,15,40478,145.587087991861
26325,2012,4,2012-01-16,0,22,15,0.681818181818182,NA,NA,15,NA,NA
26359,2012,4,2012-01-13,0,17,17,1,NA,NA,15,40232,107.620340754408
28460,2012,4,2012-01-09,0,14,11,0.785714285714286,NA,NA,15,NA,NA
28460,2013,5,2013-01-11,1,19,19,1,NA,NA,19,42074,133.91565828313
28475,2012,4,2012-01-17,0,16,16,1,NA,NA,15,40287,118.438861603676
31049,2012,4,2012-01-21,0,20,19,0.95,NA,NA,15,40649,107.620679000721
31469,2021,14,2021-01-25,5,15,15,1,"AP",35.8701298701299,37,53187,143.27085750667
32824,2016,8,2016-01-23,3,17,17,1,"BMC",8.7,64,46648,126.425592660513
32824,2018,10,2018-01-30,5,14,14,1,"BMS",14.1081081081081,9,49319,121.723313332629
32824,2019,11,2019-01-26,6,15,15,1,"BMS",15.2083333333333,36,50622,126.155900590726
32824,2020,12,2020-01-19,7,19,19,1,"BMC",9.86666666666667,9,51499,129.581825053275
32828,2013,5,2013-01-18,1,15,15,1,NA,NA,19,41850,142.125510730806
33753,2013,5,2012-12-28,0,22,22,1,NA,NA,19,41589,109.772402559342
33783,2012,4,2012-01-11,0,17,16,0.941176470588235,NA,NA,15,NA,NA
33845,2013,4,2013-01-09,0,14,14,1,NA,NA,19,NA,NA
33913,2014,5,2014-01-15,0,14,13,0.928571428571429,NA,NA,6,NA,NA
33914,2021,12,2021-01-15,3,16,16,1,"TSW",35.3611111111111,37,NA,NA
33980,2015,6,2015-01-16,2,17,5,0.294117647058824,NA,NA,1,NA,NA
34008,2014,5,2014-01-16,1,15,14,0.933333333333333,NA,NA,6,NA,NA
34120,2013,4,2013-01-14,0,27,19,0.703703703703704,NA,NA,19,42572,97.3230998681807
34120,2018,9,2018-01-27,5,14,12,0.857142857142857,"AP",42.5454545454545,9,NA,NA
34120,2019,10,2019-01-21,6,14,12,0.857142857142857,"AP",31.1855670103093,36,NA,NA
34130,2017,8,2017-01-18,3,18,18,1,NA,NA,30,47746,130.105614772045
34138,2013,4,2013-01-07,0,18,15,0.833333333333333,NA,NA,19,42082,105.350912186734
34138,2014,5,2014-01-08,1,17,17,1,NA,NA,6,NA,NA
34159,2014,5,2014-01-12,0,16,5,0.3125,NA,NA,6,NA,NA
34163,2015,6,2015-02-01,2,21,20,0.952380952380952,NA,NA,1,45187,91.0792193689362
34203,2014,5,2014-01-07,1,19,18,0.947368421052632,NA,NA,6,NA,NA
34209,2020,11,2020-01-24,6,14,14,1,"TSC",16.775,9,51396,149.144333363459
34209,2021,12,2021-01-27,7,24,24,1,"TSC",29.3765432098765,37,53072,153.618966682496
34222,2013,4,2013-01-13,0,23,23,1,NA,NA,19,42493,118.161246330481
34222,2022,13,2022-01-12,6,20,20,1,"NP4",12.9655172413793,6,NA,NA
34222,2023,14,2023-01-14,7,20,20,1,"NPGa",13.7260273972603,59,57489,141.027025819006
34244,2013,4,2013-01-12,0,21,21,1,NA,NA,19,42193,111.58614478865
34244,2016,7,2016-01-12,2,16,16,1,NA,NA,64,NA,NA
34244,2021,12,2021-01-20,7,17,17,1,"NP4",15.7213114754098,37,53283,156.922988141068
34244,2024,15,2024-01-18,10,19,18,0.947368421052632,"MBBU",13.0909090909091,NA,NA,NA
34283,2022,13,2022-01-10,0,18,18,1,"NP4",12.9655172413793,6,NA,NA
34352,2010,4,2010-01-08,0,14,14,1,NA,NA,42,NA,NA
34352,2012,6,2012-01-08,2,18,18,1,NA,NA,15,40057,163.043078384231
34352,2013,7,2013-01-08,3,17,16,0.941176470588235,NA,NA,19,41940,148.884713828339
34352,2014,8,2014-01-05,4,23,22,0.956521739130435,NA,NA,6,43970,157.905995437327
34352,2015,9,2015-01-10,5,18,18,1,NA,NA,1,45161,126.432533573615
34398,2013,4,2013-01-22,0,18,17,0.944444444444444,NA,NA,19,42194,131.888087010687
34525,2013,4,2013-01-18,0,15,15,1,NA,NA,19,42520,121.259628236105
34525,2014,5,2014-01-30,1,17,17,1,NA,NA,6,44005,125.995302494355
34530,2014,5,2014-01-07,0,16,14,0.875,NA,NA,6,NA,NA
34644,2016,7,2016-01-27,3,16,11,0.6875,"TSB",11.8529411764706,64,46863,123.919299790547
34723,2015,9,2015-01-26,4,16,16,1,NA,NA,1,45316,130.546881095475
34737,2012,4,2012-01-18,0,16,14,0.875,NA,NA,15,NA,NA
36095,2014,4,2014-01-02,1,15,8,0.533333333333333,NA,NA,6,NA,NA
36358,2024,14,2024-01-27,8,19,19,1,"BBSL",30.3949579831933,NA,NA,NA
36359,2014,4,2014-01-07,0,20,20,1,NA,NA,6,NA,NA
36359,2016,6,2016-01-02,1,14,14,1,"TSC",22.1588785046729,64,46552,127.16553594052
36359,2017,7,2017-01-01,2,16,16,1,"TSC",17,30,NA,NA
36359,2018,8,2018-01-02,3,19,19,1,"TSW",16.5652173913044,9,NA,NA
36382,2014,4,2014-01-02,0,27,19,0.703703703703704,NA,NA,6,NA,NA
36382,2020,10,2020-01-10,5,19,19,1,"NP0",16.5625,9,51371,139.118140846274
36382,2021,11,2021-01-14,6,15,15,1,"SBW",33.6610169491525,37,52679,139.062798944069
36382,2022,12,2022-01-18,7,20,20,1,"NP0",20.4925373134328,6,NA,NA
36440,2013,4,2013-01-16,0,19,18,0.947368421052632,NA,NA,19,42199,101.040417271242
36468,2013,4,2013-01-21,0,14,13,0.928571428571429,NA,NA,19,42536,106.345121697433
36553,2014,4,2014-01-29,0,16,16,1,NA,NA,6,44234,111.931964525635
36567,2017,7,2017-01-15,1,16,16,1,NA,NA,30,NA,NA
36567,2021,11,2021-01-22,3,16,16,1,"NP1",20.8166666666667,37,52975,124.004938483727
36634,2014,4,2014-01-19,0,16,14,0.875,NA,NA,6,44157,111.629782455947
36634,2015,5,2015-01-20,1,17,16,0.941176470588235,NA,NA,1,NA,NA
36634,2021,11,2021-01-21,6,18,18,1,"NP3",5,37,52970,142.534035053382
36636,2017,7,2017-02-03,1,17,17,1,"BMC",9.6,30,48227,144.401828681547
36636,2023,13,2023-02-05,7,15,15,1,"NP4",14.1232876712329,59,57819,138.671443207888
36681,2018,8,2018-01-17,4,14,11,0.785714285714286,"BBSL",38.7012987012987,9,49145,146.035048262606
36681,2024,14,2024-02-08,10,17,16,0.941176470588235,"BBSL",30.3949579831933,NA,61050,136.198846895117
36681,2025,15,2025-02-05,11,17,17,1,"TSB",24.8922155688623,NA,63193,144.107564868184
36702,2017,7,2017-01-09,1,16,16,1,NA,NA,30,NA,NA
36702,2021,11,2021-01-18,2,14,12,0.857142857142857,"SBW",33.6610169491525,37,53402,160.755251822761
36707,2018,8,2018-02-01,3,15,15,1,"TSB",24.8518518518519,9,NA,NA
36708,2014,4,2014-01-18,0,16,16,1,NA,NA,6,44158,97.4881913675894
36819,2015,5,2015-01-23,1,14,13,0.928571428571429,NA,NA,1,NA,NA
36985,2013,4,2013-01-24,0,15,15,1,NA,NA,19,42423,127.941603197496
36985,2015,6,2015-02-03,2,15,15,1,NA,NA,1,45188,123.462941811225
36985,2021,12,2021-01-11,6,20,19,0.95,"NPG1",5.5,37,NA,NA
36985,2022,13,2022-01-15,7,21,21,1,"NP2",27.5698924731183,6,54939,150.786707621905
36985,2023,14,2023-01-14,8,19,19,1,"NPG0",10,59,NA,NA
36985,2024,15,2024-01-08,9,20,20,1,"NP1",12.6428571428571,NA,NA,NA
36985,2025,16,2025-01-08,10,21,21,1,"BBN",9.16129032258064,NA,62759,132.803439139659
37071,2023,14,2023-02-02,4,14,14,1,"NP4",14.1232876712329,59,57751,133.576254524424
37209,2014,4,2014-01-10,0,16,1,0.0625,NA,NA,6,NA,NA
37794,2013,7,2013-01-11,1,14,13,0.928571428571429,NA,NA,19,NA,NA
37975,2020,9,2020-01-26,3,14,14,1,"NP4",15.7402597402597,9,51768,153.18096626749
37988,2021,10,2021-01-29,2,16,16,1,"TSB",26.7948717948718,37,53514,129.198572896754
37988,2022,11,2022-01-26,3,17,16,0.941176470588235,"NP5",11.3513513513513,6,54992,137.783264981919
37988,2024,13,2024-01-25,4,18,18,1,"TSB",24.6357142857143,NA,60858,128.8
38014,2015,4,2015-01-02,0,19,19,1,NA,NA,1,44999,115.377595178107
38241,2015,4,2015-01-16,0,16,9,0.5625,NA,NA,1,NA,NA
38289,2015,4,2015-01-14,0,14,14,1,NA,NA,1,NA,NA
38298,2015,4,2015-01-14,0,18,17,0.944444444444444,NA,NA,1,NA,NA
38369,2020,9,2020-01-14,2,15,15,1,"NP3",14.3518518518519,9,NA,NA
38369,2021,10,2021-01-13,3,19,17,0.894736842105263,"NP1",20.8166666666667,37,NA,NA
38369,2024,13,2024-01-04,5,16,16,1,"APG",26.7880794701987,NA,NA,NA
38400,2021,10,2021-01-10,2,18,17,0.944444444444444,"NP1",20.8166666666667,37,53057,173.322599203445
38400,2022,11,2022-01-20,3,18,18,1,"NP5",11.3513513513513,6,NA,NA
38400,2023,12,2023-01-28,4,20,20,1,"NP5",2,59,NA,NA
38400,2024,13,2024-01-28,5,17,17,1,"NP1",12.6428571428571,NA,60837,167.412048919415
38430,2022,11,2022-01-28,1,15,15,1,"NP2",27.5698924731183,6,NA,NA
38463,2016,5,2016-01-21,2,14,13,0.928571428571429,"TSC",22.1588785046729,64,NA,NA
38470,2017,6,2017-01-28,2,18,18,1,NA,NA,30,NA,NA
38470,2018,7,2018-01-29,3,15,15,1,NA,NA,9,NA,NA
38600,2015,4,2015-01-22,0,15,9,0.6,NA,NA,1,45383,75.0333453496517
38712,2014,4,2014-01-19,0,14,10,0.714285714285714,NA,NA,6,44206,144.739226470867
40037,2021,9,2021-02-08,5,16,16,1,"AP",35.8701298701299,37,53244,143.543753386998
40047,2020,8,2020-01-14,3,20,20,1,"MBBU",21.5813953488372,9,51306,155.038350626217
40047,2021,9,2021-01-18,4,20,20,1,"BBSU",23.4588235294118,37,53118,132.943191706773
40047,2022,10,2022-01-27,5,14,14,1,"SBE",35.7755102040816,6,NA,NA
40047,2023,11,2023-01-28,6,14,14,1,"TSW",21.3,59,57682,133.987651604968
40047,2024,12,2024-01-29,7,23,22,0.956521739130435,"TSW",15.4615384615385,NA,60988,105.061810989633
40047,2025,13,2025-01-27,8,17,17,1,"MBBU",13.2592592592593,NA,62966,121.963643117735
40062,2017,5,2017-01-20,1,20,11,0.55,"BMC",9.6,30,NA,NA
40062,2025,13,2025-02-08,7,15,15,1,"MBBL",0.666666666666667,NA,63048,123.131682247221
40173,2018,6,2018-02-07,1,20,20,1,NA,NA,9,NA,NA
40258,2021,9,2021-01-10,2,16,16,1,"BBN",17.7142857142857,37,NA,NA
40287,2022,10,2022-01-15,4,21,21,1,"NP2",27.5698924731183,6,54937,144.714759663976
40287,2024,12,2024-01-23,5,19,19,1,"BBSL",30.3949579831933,NA,60891,134.056322573714
40287,2025,13,2025-01-18,6,17,17,1,"BBSL",27.4793388429752,NA,62886,136.964519009221
40338,2023,11,2023-01-11,6,19,18,0.947368421052632,"BBSU",14.1875,59,57464,107.639624186705
40339,2021,9,2021-01-13,4,18,16,0.888888888888889,"BBSU",23.4588235294118,37,52990,134.55044935327
40339,2022,10,2022-01-21,5,16,16,1,"BBSL",28.378640776699,6,54932,152.559122020125
40364,2018,6,2018-01-19,1,17,15,0.88235294117647,"NP0",20.8409090909091,9,NA,NA
40366,2015,3,2015-01-25,0,18,18,1,NA,NA,1,NA,NA
40366,2021,9,2021-01-30,6,15,15,1,"NPG1",5.5,37,NA,NA
40366,2025,13,2025-01-23,10,18,18,1,"NP0",23.8413793103448,NA,62954,145.119556194505
40411,2017,5,2017-01-09,1,17,17,1,NA,NA,30,47694,130.803749559858
40501,2015,3,2015-01-25,0,17,17,1,NA,NA,1,NA,NA
40531,2016,4,2016-01-19,0,14,14,1,NA,NA,64,NA,NA
40547,2018,6,2018-02-09,2,16,16,1,"SBW",20.9019607843137,9,NA,NA
40579,2025,13,2025-01-27,6,15,15,1,"AP",31.914798206278,NA,NA,NA
40606,2016,4,2015-12-31,0,19,15,0.789473684210526,"APG",31.9346153846154,64,NA,NA
40615,2023,11,2023-01-23,7,22,22,1,"TSC",12.2698412698413,59,57583,146.040430992827
40618,2019,7,2019-01-06,2,18,18,1,"MBBU",22.8611111111111,36,NA,NA
40618,2021,9,2021-01-16,4,17,17,1,"TSC",29.3765432098765,37,53109,123.665340076489
40618,2023,11,2023-01-22,6,17,17,1,"TSB",18.566265060241,59,57598,118
40645,2020,8,2020-01-29,3,15,14,0.933333333333333,"NP4",15.7402597402597,9,NA,NA
40660,2022,10,2022-01-26,4,17,17,1,"BBN",18.8387096774194,6,NA,NA
40796,2015,3,2015-01-23,0,14,13,0.928571428571429,NA,NA,1,NA,NA
40798,2023,11,2023-01-28,6,14,14,1,"TSB",18.566265060241,59,NA,NA
40834,2020,8,2020-01-15,2,21,16,0.761904761904762,"MBBU",21.5813953488372,9,51540,148.28103755197
40834,2022,10,2022-01-20,4,22,22,1,"MBBU",7.36363636363636,6,54936,133.453121174318
40834,2024,12,2024-01-12,5,23,23,1,"MBBU",13.0909090909091,NA,60592,145.414365524577
40834,2025,13,2025-01-15,6,21,21,1,"MBBU",13.2592592592593,NA,62870,141.167782282691
40867,2019,7,2019-01-07,1,17,17,1,"TSC",16.625,36,NA,NA
40867,2020,8,2020-01-17,2,14,14,1,"SBE",24.8720930232558,9,NA,NA
40867,2023,11,2023-01-24,5,25,25,1,"SBE",27.3173076923077,59,57600,146.050277008258
40870,2025,13,2025-01-09,8,21,21,1,"BBSL",27.4793388429752,NA,NA,NA
40883,2018,6,2018-01-02,1,17,16,0.941176470588235,NA,NA,9,NA,NA
40884,2016,4,2016-01-25,0,14,13,0.928571428571429,"TSC",22.1588785046729,64,NA,NA
40884,2018,6,2018-02-05,2,17,17,1,"NP2",16.6833333333333,9,NA,NA
40884,2021,9,2021-02-02,5,21,20,0.952380952380952,"TSB",26.7948717948718,37,53632,130.777113497865
40884,2023,11,2023-01-31,7,14,13,0.928571428571429,"TSB",18.566265060241,59,57667,160.273196426213
40884,2024,12,2024-02-01,8,16,16,1,"TSB",24.6357142857143,NA,60940,129.355835740082
40901,2016,4,2016-01-11,0,15,15,1,"TSC",22.1588785046729,64,NA,NA
40932,2020,8,2020-01-17,5,14,14,1,"TSC",16.775,9,51445,140.712291959569
40932,2021,9,2021-01-17,6,14,14,1,"TSC",29.3765432098765,37,52794,135.806643275359
40932,2022,10,2022-01-19,7,15,15,1,"TSB",20.4,6,54842,146.80148396032
40951,2018,6,2018-01-22,2,15,1,0.0666666666666667,"BBSL",38.7012987012987,9,NA,NA
40951,2020,8,2020-01-18,4,15,15,1,"SBE",24.8720930232558,9,NA,NA
40951,2024,12,2024-01-27,8,16,16,1,"SBE",24.6,NA,60884,141.739099925717
40951,2025,13,2025-01-26,9,14,14,1,"AP",31.914798206278,NA,62910,135.746846694502
40952,2018,6,2018-01-31,2,14,14,1,"TSB",24.8518518518519,9,NA,NA
40954,2016,4,2015-12-25,0,20,19,0.95,NA,NA,64,46551,103.833517858849
40954,2018,6,2018-01-04,2,18,18,1,"BMS",14.1081081081081,9,48920,118.838923033451
40954,2019,7,2019-01-02,3,16,15,0.9375,"BMS",15.2083333333333,36,NA,NA
41763,2018,5,2018-01-23,1,14,14,1,"BMS",14.1081081081081,9,NA,NA
41763,2021,8,2021-01-31,4,15,14,0.933333333333333,"BMS",3.33333333333333,37,53016,141.739099925717
41763,2022,9,2022-02-01,5,14,14,1,"NP5",11.3513513513513,6,55385,151.263475860031
41847,2022,9,2022-01-06,2,24,24,1,"NP0",20.4925373134328,6,NA,NA
41847,2023,10,2023-01-15,3,21,19,0.904761904761905,"NPGa",13.7260273972603,59,57486,137.842141499162
41847,2025,12,2025-01-17,5,18,18,1,"NP0",23.8413793103448,NA,NA,NA
41873,2013,4,2013-01-26,0,16,16,1,NA,NA,19,42537,116.061516569405
41910,2024,11,2024-01-24,6,16,16,1,"MBBU",13.0909090909091,NA,60605,129.783768745065
42029,2020,7,2020-01-21,2,18,18,1,"TSB",20.3571428571429,9,51417,126.033451555393
42029,2024,11,2024-01-23,6,18,18,1,"SBE",24.6,NA,NA,NA
42029,2025,12,2025-01-20,7,15,15,1,"TSB",24.8922155688623,NA,NA,NA
42069,2018,5,2018-01-25,1,17,17,1,"MBBU",29.9076923076923,9,49090,138.19576919453
42133,2017,4,2017-01-03,0,17,17,1,NA,NA,30,NA,NA
42133,2019,6,2019-01-14,2,15,15,1,"BMC",19.0555555555556,36,50366,156.207782108416
42179,2017,4,2016-12-31,0,14,14,1,NA,NA,30,NA,NA
42179,2018,5,2018-01-01,1,17,17,1,"TSW",16.5652173913044,9,48905,113.327331001989
42257,2020,7,2020-01-27,2,14,13,0.928571428571429,"TSC",16.775,9,NA,NA
42257,2021,8,2021-01-27,3,15,14,0.933333333333333,"TSC",29.3765432098765,37,53291,141.124624058987
42257,2025,12,2025-01-24,7,15,11,0.733333333333333,"TSW",9.675,NA,62959,133.750913658227
42286,2021,8,2021-01-22,4,28,28,1,"TSB",26.7948717948718,37,53399,82.3760939625712
42286,2022,9,2022-01-27,5,16,16,1,"NP0",20.4925373134328,6,NA,NA
42286,2023,10,2023-01-23,6,14,13,0.928571428571429,"AP",26.1746987951807,59,57650,132.410518665144
42303,2023,10,2023-01-21,4,16,16,1,"NP0",18.0344827586207,59,57587,130.064058457847
42321,2018,5,2018-01-03,0,16,14,0.875,"NP1",22.2941176470588,9,NA,NA
42321,2022,9,2022-01-22,4,16,16,1,"NP2",27.5698924731183,6,54998,145.835215480919
42333,2019,6,2019-01-11,0,16,15,0.9375,"BMC",19.0555555555556,36,50367,136.572675846114
42333,2023,10,2023-01-24,4,18,18,1,"MBBU",9.93333333333333,59,NA,NA
42560,2017,4,2017-01-19,0,14,13,0.928571428571429,"TSB",18.9473684210526,30,NA,NA
42560,2021,8,2021-01-21,4,25,18,0.72,"TSB",26.7948717948718,37,53512,119.314382247916
42653,2021,8,2021-01-09,3,22,21,0.954545454545455,"BBN",17.7142857142857,37,53083,126.629302143622
42653,2022,9,2022-01-13,4,17,17,1,"BBN",18.8387096774194,6,54789,145.810977971814
42653,2023,10,2023-01-19,5,17,14,0.823529411764706,"TSB",18.566265060241,59,57586,129.449582591117
42657,2021,8,2021-01-23,4,16,16,1,"NP4",15.7213114754098,37,53245,137.43550856202
42657,2022,9,2022-01-28,5,17,17,1,"NP2",27.5698924731183,6,55056,100.98964777298
42657,2023,10,2023-01-21,6,17,17,1,"NP4",14.1232876712329,59,57577,144.056020406879
42657,2024,11,2024-01-24,7,17,17,1,"NP1",12.6428571428571,NA,60900,142.448573197937
42657,2025,12,2025-01-23,8,17,17,1,"NP2",13.3809523809524,NA,62855,167.585763638843
42688,2021,8,2021-01-26,5,15,15,1,"AP",35.8701298701299,37,NA,NA
42713,2022,9,2022-01-09,3,25,23,0.92,"NP0",20.4925373134328,6,54799,114.769678851105
42713,2023,10,2023-01-19,4,21,21,1,"NPG4",7.79166666666667,59,57511,124.070136607018
42847,2020,7,2020-01-29,2,14,14,1,"BBSL",32.136690647482,9,51808,153.267877906922
42847,2025,12,2025-01-24,5,15,15,1,"AP",31.914798206278,NA,62934,150.136936771026
42858,2018,5,2018-01-23,0,14,9,0.642857142857143,"NP0",20.8409090909091,9,NA,NA
42883,2023,10,2023-01-25,2,14,13,0.928571428571429,"NP4",14.1232876712329,59,57710,106.304324944287
42883,2024,11,2024-01-29,3,16,16,1,"NP4",18.3333333333333,NA,61040,110.441744552232
43268,2019,6,2019-01-01,0,18,17,0.944444444444444,"TSC",16.625,36,NA,NA
44075,2023,9,2023-01-15,5,21,21,1,"NPG4",7.79166666666667,59,57476,103
44131,2019,5,2019-01-08,0,20,20,1,"BMS",15.2083333333333,36,NA,NA
44148,2018,4,2017-12-29,0,15,14,0.933333333333333,"NP1",22.2941176470588,9,48902,129.859233168937
44148,2019,5,2019-01-06,1,15,15,1,"BBSL",39.1573604060914,36,NA,NA
44148,2020,6,2020-01-04,2,14,13,0.928571428571429,"NP2",6.91666666666667,9,51364,128.249802206134
44148,2021,7,2021-01-05,3,20,19,0.95,"NPG1",5.5,37,52804,130.743865240138
44148,2022,8,2021-12-30,4,19,19,1,"NP2",27.5698924731183,6,NA,NA
44148,2023,9,2022-12-26,5,17,17,1,"NPG4",7.79166666666667,59,NA,NA
44148,2024,10,2024-01-01,6,17,17,1,"APG",26.7880794701987,NA,NA,NA
44148,2025,11,2024-12-25,7,20,18,0.9,"AP",31.914798206278,NA,NA,NA
44177,2021,7,2021-01-23,3,18,18,1,"NP4",15.7213114754098,37,53093,125.052068842901
44177,2024,10,2024-01-26,6,16,16,1,"NP4",18.3333333333333,NA,60630,137.740627303151
44204,2020,6,2020-01-14,0,16,14,0.875,NA,NA,9,51612,129.58645586177
44204,2022,8,2022-01-26,2,17,17,1,"NP5",11.3513513513513,6,55007,154.928298971067
44204,2023,9,2023-01-27,3,16,16,1,"SBW",29.0357142857143,59,NA,NA
44204,2024,10,2024-01-25,4,18,18,1,"NP1",12.6428571428571,NA,60838,168.22053376968
44234,2023,9,2023-01-31,2,17,17,1,"TSB",18.566265060241,59,57720,124.474933137546
44320,2018,4,2018-01-09,0,16,16,1,"BMS",14.1081081081081,9,48995,108.007156996973
44349,2020,6,2020-02-06,2,16,16,1,"TSB",20.3571428571429,9,52056,122.713692007909
44355,2025,11,2025-01-23,4,15,15,1,"AP",31.914798206278,NA,62744,139.208496472978
44356,2025,11,2025-01-16,4,18,18,1,"AP",31.914798206278,NA,62848,133.408142453271
44375,2023,9,2023-01-30,5,19,18,0.947368421052632,"SBE",27.3173076923077,59,57691,138.035616910254
44397,2022,8,2021-12-19,2,24,24,1,"APG",24.5,6,NA,NA
44397,2023,9,2022-12-13,3,27,2,0.0740740740740741,"APG",32.202479338843,59,NA,NA
44397,2024,10,2023-12-13,4,21,21,1,"APG",26.7880794701987,NA,NA,NA
44397,2025,11,2024-12-13,5,20,20,1,"AP",31.914798206278,NA,62247,154.4285032546
44408,2018,4,2017-12-31,0,19,17,0.894736842105263,"NP1",22.2941176470588,9,48912,110.881390189984
44408,2019,5,2019-01-10,1,15,3,0.2,"NP2",18.7323943661972,36,NA,NA
44410,2023,9,2023-01-28,5,20,20,1,"TSW",21.3,59,57610,142.690777011333
44448,2019,5,2019-01-11,0,15,14,0.933333333333333,"BBSL",39.1573604060914,36,NA,NA
44448,2022,8,2022-01-21,2,15,15,1,"SBW",25.8709677419355,6,54750,119.617374771203
44448,2024,10,2024-01-25,4,14,13,0.928571428571429,"SBW",24.8214285714286,NA,NA,NA
44448,2025,11,2025-01-10,5,18,18,1,"BBSL",27.4793388429752,NA,NA,NA
44452,2018,4,2017-12-29,0,21,21,1,"TSW",16.5652173913044,9,NA,NA
44452,2019,5,2018-12-31,1,24,22,0.916666666666667,"TSC",16.625,36,NA,NA
44452,2023,9,2023-01-16,4,14,14,1,"APG",32.202479338843,59,57441,128.426939966927
44535,2025,11,2025-01-22,2,16,16,1,"APG",14.974358974359,NA,62946,133.576254524424
44571,2018,4,2017-12-29,0,20,18,0.9,"NP1",22.2941176470588,9,NA,NA
44571,2020,6,2020-01-10,2,14,14,1,"NP2",6.91666666666667,9,NA,NA
44571,2021,7,2021-01-09,3,24,24,1,"NPG1",5.5,37,52805,113.026640959741
44571,2022,8,2022-01-17,4,19,19,1,"NP5",11.3513513513513,6,54961,117.900597707306
44571,2023,9,2023-01-16,5,20,20,1,"NP4",14.1232876712329,59,57575,109.570501199907
44571,2024,10,2024-01-15,6,14,14,1,"APGw",18.9411764705882,NA,NA,NA
44962,2021,6,2021-01-08,1,22,22,1,"NPG1",5.5,37,52789,129.256439420696
44962,2022,7,2022-01-15,2,19,18,0.947368421052632,"NP2",27.5698924731183,6,54895,123.861014860768
44962,2023,8,2023-01-16,3,21,20,0.952380952380952,"NPGa",13.7260273972603,59,57578,149.374555528017
44962,2024,9,2024-01-14,4,17,16,0.941176470588235,"NP0",18.6534653465346,NA,60607,138.453549366183
45079,2019,4,2019-01-06,0,15,14,0.933333333333333,"NP",1,36,NA,NA
45079,2020,5,2020-01-18,1,14,13,0.928571428571429,"NPG1",13,9,51645,137.99319247843
45079,2022,7,2022-01-07,2,27,27,1,"NP2",27.5698924731183,6,54763,133.489231767609
45079,2023,8,2023-01-18,3,21,21,1,"NPGa",13.7260273972603,59,57585,140.489630974509
45079,2024,9,2024-01-18,4,19,19,1,"NP0",18.6534653465346,NA,60843,136.844039170477
45079,2025,10,2025-01-19,5,17,17,1,"NP0",23.8413793103448,NA,62892,153.724161428629
45081,2024,9,2024-01-27,5,16,16,1,"NP1",12.6428571428571,NA,60898,143.653177792384
45081,2025,10,2025-01-27,6,15,15,1,"NP0",23.8413793103448,NA,62924,148.023132925316
45093,2022,7,2022-01-07,1,32,32,1,"MBBU",7.36363636363636,6,54762,114.64694123859
45100,2019,4,2019-01-10,0,17,14,0.823529411764706,"NP3",17,36,49958,68.2068212070284
45100,2021,6,2021-01-12,2,16,16,1,"TSW",35.3611111111111,37,52797,129.282711137621
45177,2021,6,2021-01-03,1,16,16,1,"BBSL",33.953125,37,52663,141.950997064915
45177,2022,7,2022-01-08,2,17,17,1,"APG",24.5,6,54756,137.151897307246
45282,2021,6,2021-02-03,2,15,14,0.933333333333333,"BBN",17.7142857142857,37,53130,127.865925002886
45282,2025,10,2025-01-24,6,19,19,1,"TSB",24.8922155688623,NA,62970,118.648165544042
45419,2020,5,2020-01-30,2,16,16,1,"MBBU",21.5813953488372,9,51769,124.713994333396
45419,2021,6,2021-01-24,3,14,14,1,"SBE",33.1041666666667,37,53459,123.762526982336
45419,2024,9,2024-01-25,4,17,17,1,"SBE",24.6,NA,60922,139.076371169887
45425,2022,7,2022-01-21,2,15,14,0.933333333333333,"AP",30.6927083333333,6,54818,129
45438,2025,10,2025-01-23,6,16,16,1,"TSW",9.675,NA,62932,160
45441,2024,9,2024-01-27,3,20,19,0.95,"SBE",24.6,NA,NA,NA
45454,2020,5,2020-01-13,1,15,14,0.933333333333333,"SBW",29.2340425531915,9,NA,NA
45454,2021,6,2021-01-08,2,15,14,0.933333333333333,"APG",42.9950372208437,37,52806,121.000956242307
45456,2025,10,2025-01-09,4,17,17,1,"TSW",9.675,NA,NA,NA
45460,2018,3,2018-01-17,0,16,16,1,"APGw",17.6071428571429,9,48991,101.593343299358
45465,2019,4,2019-01-16,1,14,14,1,"MBBU",22.8611111111111,36,50281,115.370895127383
45465,2022,7,2022-01-31,4,16,16,1,"BBSL",28.378640776699,6,55251,128.657149632116
45553,2018,3,2018-01-25,0,15,15,1,"MBBU",29.9076923076923,9,49013,93.5559350407807
45564,2022,7,2022-01-14,3,14,14,1,"TSC",24.0147058823529,6,54917,125.428875808373
45564,2023,8,2023-01-21,4,19,19,1,"TSB",18.566265060241,59,57701,116.145919522024
45564,2024,9,2024-01-26,5,16,16,1,"APG",26.7880794701987,NA,NA,NA
45570,2020,5,2020-01-27,1,14,13,0.928571428571429,"BMD",1,9,51713,120.518466853921
45624,2021,6,2020-12-28,0,20,19,0.95,"APG",42.9950372208437,37,NA,NA
45675,2019,4,2019-01-13,0,15,15,1,"TSC",16.625,36,NA,NA
45675,2021,6,2021-01-20,2,21,21,1,"TSC",29.3765432098765,37,NA,NA
45722,2019,4,2019-01-06,0,16,16,1,"NP1",14.1363636363636,36,50279,117.510875880739
45722,2021,6,2021-01-17,1,16,16,1,"NPG1",5.5,37,NA,NA
45724,2020,5,2020-01-03,1,17,17,1,"APG",30.5473251028807,9,NA,NA
45776,2022,7,2022-01-27,2,16,16,1,"BBN",18.8387096774194,6,NA,NA
45776,2023,8,2023-02-02,3,14,13,0.928571428571429,"NP0",18.0344827586207,59,NA,NA
46105,2018,4,2018-01-13,0,17,16,0.941176470588235,"BBSU",11.6,9,NA,NA
46106,2021,7,2021-01-15,3,17,15,0.88235294117647,"SBE",33.1041666666667,37,NA,NA
46125,2014,4,2014-01-26,0,14,14,1,NA,NA,6,NA,NA
46125,2015,5,2015-02-04,1,16,13,0.8125,NA,NA,1,NA,NA
46133,2025,12,2025-01-08,4,17,14,0.823529411764706,"NP4",11,NA,NA,NA
46136,2020,7,2020-01-23,1,14,12,0.857142857142857,"BBSL",32.136690647482,9,NA,NA
46593,2023,7,2023-01-03,1,20,18,0.9,"NPGa",13.7260273972603,59,NA,NA
46595,2019,3,2019-01-26,0,17,17,1,"TSW",21.18,36,50549,74.4903915436363
46595,2022,6,2022-01-23,3,14,14,1,"BBN",18.8387096774194,6,55247,109.543398498645
46653,2022,6,2022-01-16,2,15,15,1,"NP2",27.5698924731183,6,55019,140.869192623955
46653,2025,9,2025-01-21,5,15,13,0.866666666666667,"AP",31.914798206278,NA,63060,132.399035042247
46703,2022,6,2022-01-30,2,16,16,1,"TSC",24.0147058823529,6,54862,98.8732353309777
46703,2023,7,2023-01-25,3,17,17,1,"TSC",12.2698412698413,59,57653,114.279077641212
46787,2022,6,2022-01-27,2,14,14,1,"AP",30.6927083333333,6,54826,131.36791615597
46787,2025,9,2025-01-21,5,16,16,1,"TSB",24.8922155688623,NA,62708,149.449900783302
46788,2020,4,2020-01-06,0,17,17,1,"NP1",17.2549019607843,9,NA,NA
46788,2022,6,2022-01-03,2,23,23,1,"NP1",5.17647058823529,6,54734,122.615855113017
46788,2023,7,2023-01-05,3,20,20,1,"NPG0",10,59,57445,136.672870502352
46788,2025,9,2025-01-04,4,16,16,1,"NP0",23.8413793103448,NA,NA,NA
46837,2020,4,2020-01-13,0,19,19,1,"TSW",23.6,9,51427,114.932940760869
46837,2024,8,2024-01-17,3,19,19,1,"TSB",24.6357142857143,NA,60560,139.662589544591
46847,2020,4,2020-01-03,0,23,18,0.782608695652174,"NP1",17.2549019607843,9,NA,NA
46847,2024,8,2024-01-06,2,16,16,1,"APG",26.7880794701987,NA,NA,NA
46847,2025,9,2025-01-16,3,18,18,1,"TSB",24.8922155688623,NA,62877,133.408142453271
46857,2022,6,2022-02-05,2,16,16,1,"BBSL",28.378640776699,6,54995,139.076371169887
46857,2023,7,2023-02-10,3,14,14,1,"AP",26.1746987951807,59,NA,NA
46857,2024,8,2024-02-06,4,18,18,1,"AP",28.8756218905473,NA,61118,122.450950484903
46859,2022,6,2022-01-23,2,15,15,1,"NP2",27.5698924731183,6,54989,114.906987078507
46895,2021,5,2020-12-23,0,23,22,0.956521739130435,"APG",42.9950372208437,37,52660,122.698829639902
46895,2022,6,2022-01-02,1,15,14,0.933333333333333,"APG",24.5,6,NA,NA
46902,2021,5,2021-01-17,0,15,15,1,"NP3",5,37,53174,123.622293779285
46903,2023,7,2023-01-28,3,14,14,1,"SBE",27.3173076923077,59,57702,126
46905,2022,6,2022-01-11,1,22,22,1,"APG",24.5,6,NA,NA
46905,2025,9,2025-01-26,4,14,14,1,"TSW",9.675,NA,NA,NA
46909,2021,5,2021-01-15,0,21,20,0.952380952380952,"TSC",29.3765432098765,37,53134,110.030535918295
46909,2022,6,2022-01-23,1,14,13,0.928571428571429,"TSB",20.4,6,NA,NA
46960,2020,4,2020-01-12,0,21,16,0.761904761904762,"BBSL",32.136690647482,9,NA,NA
46960,2025,9,2025-01-20,5,16,14,0.875,"BBSL",27.4793388429752,NA,62979,116.16578725809
46965,2020,4,2020-01-09,0,16,12,0.75,"BBN",10.125,9,NA,NA
46965,2022,6,2022-01-16,2,17,5,0.294117647058824,"TSC",24.0147058823529,6,NA,NA
46971,2021,5,2021-01-16,1,18,18,1,"NP1",20.8166666666667,37,53089,109.856131325252
46986,2022,6,2022-01-19,1,19,19,1,"TSW",31.4090909090909,6,NA,NA
46986,2023,7,2023-01-25,2,19,19,1,"SBE",27.3173076923077,59,57711,125.546028957951
46988,2022,6,2022-02-06,1,16,15,0.9375,"TSB",20.4,6,55441,111.723842425895
46988,2024,8,2024-02-05,3,20,20,1,"TSB",24.6357142857143,NA,60992,112.346527357212
47032,2022,6,2022-01-10,0,16,15,0.9375,"APG",24.5,6,NA,NA
47032,2024,8,2024-01-26,2,16,16,1,"APG",26.7880794701987,NA,60987,111.517401694059
47083,2021,5,2020-12-31,1,14,14,1,"BBSL",33.953125,37,52651,114.380133037141
47125,2021,5,2021-01-20,0,18,18,1,"TSB",26.7948717948718,37,53224,99.728839415484
47126,2020,4,2020-01-15,0,15,15,1,"BBSU",9.5,9,NA,NA
47126,2022,6,2022-01-28,2,19,19,1,"BBSU",17.3243243243243,6,54827,127.478070709751
47126,2023,7,2023-01-31,3,15,15,1,"AP",26.1746987951807,59,NA,NA
47126,2025,9,2025-01-19,4,14,14,1,"AP",31.914798206278,NA,62909,141.827530169993
47140,2022,6,2022-01-18,3,16,16,1,"APG",24.5,6,54739,125.690312565842
47140,2023,7,2023-01-22,4,21,21,1,"AP",26.1746987951807,59,57453,138.657157527015
47152,2020,4,2020-01-13,0,14,13,0.928571428571429,"BBSL",32.136690647482,9,51452,101.96247526242
47173,2021,5,2021-01-10,0,18,18,1,"NPG1",5.5,37,NA,NA
47416,2023,8,2023-01-13,4,17,17,1,"TSC",12.2698412698413,59,57541,117
47416,2024,9,2024-01-23,5,17,17,1,"TSB",24.6357142857143,NA,60859,134.55044935327
47658,2017,3,2017-01-07,0,16,15,0.9375,NA,NA,30,NA,NA
47971,2021,4,2021-01-02,0,22,21,0.954545454545455,"NP0",19.695652173913,37,NA,NA
48020,2025,8,2025-01-19,2,15,15,1,"BBSL",27.4793388429752,NA,62896,139.82368751453
48082,2021,4,2021-01-15,0,17,17,1,"NP4",15.7213114754098,37,NA,NA
48082,2022,5,2022-01-22,1,16,16,1,"NP4",12.9655172413793,6,55003,123.936464484131
48082,2025,8,2025-01-21,3,14,14,1,"NP4",11,NA,62887,136.789449203676
48154,2021,4,2021-01-17,0,16,16,1,"BBSU",23.4588235294118,37,NA,NA
48244,2021,4,2021-01-20,0,18,16,0.888888888888889,"BBSL",33.953125,37,53074,139.355962991922
48257,2024,7,2024-01-20,3,22,21,0.954545454545455,"NP0",18.6534653465346,NA,60568,127.736671375855
48291,2021,4,2021-01-19,0,21,9,0.428571428571429,"AP",35.8701298701299,37,NA,NA
48303,2021,4,2021-01-21,0,17,12,0.705882352941177,"TSB",26.7948717948718,37,53400,73.7371040075983
48332,2021,4,2021-01-17,0,21,19,0.904761904761905,"TSW",35.3611111111111,37,53102,113.27417723807
48343,2024,7,2024-01-23,2,14,14,1,"TSB",24.6357142857143,NA,NA,NA
48343,2025,8,2025-01-21,3,14,14,1,"TSB",24.8922155688623,NA,62876,137.231900401187
48482,2022,5,2022-01-27,1,17,17,1,"NP2",27.5698924731183,6,55022,120.642095167987
48499,2022,5,2022-01-11,1,21,20,0.952380952380952,"MBBU",7.36363636363636,6,54781,90.8793988592781
48499,2024,7,2024-01-08,3,17,17,1,"APG",26.7880794701987,NA,60463,117.774622587231
48499,2025,8,2025-01-12,4,18,18,1,"APG",14.974358974359,NA,62667,121.254081202206
48924,2022,4,2022-01-13,0,17,16,0.941176470588235,"NP2",27.5698924731183,6,NA,NA
48924,2023,5,2023-01-21,1,16,14,0.875,"NPGa",13.7260273972603,59,NA,NA
48924,2024,6,2024-01-26,2,16,16,1,NA,NA,NA,60834,147.503636512753
48940,2023,5,2022-12-28,0,22,22,1,"NPG0",10,59,NA,NA
48940,2024,6,2024-01-09,1,23,23,1,"NP1",12.6428571428571,NA,60578,127.750809493151
48940,2025,7,2025-01-14,2,19,19,1,"NP0",23.8413793103448,NA,62670,131.888087010687
48986,2022,4,2022-01-12,0,21,20,0.952380952380952,"TSW",31.4090909090909,6,NA,NA
48986,2024,6,2024-01-21,2,17,15,0.88235294117647,"APG",26.7880794701987,NA,60827,100.166246605903
48986,2025,7,2025-01-19,3,16,16,1,"TSB",24.8922155688623,NA,62808,140.951362735985
49001,2023,5,2023-01-23,1,19,19,1,"TSW",21.3,59,57456,98.1631586531868
49079,2022,4,2022-01-02,0,24,21,0.875,"TSW",31.4090909090909,6,NA,NA
49201,2023,5,2023-01-11,2,18,18,1,"TSC",12.2698412698413,59,57458,108.207503395003
49201,2024,6,2024-01-12,3,23,23,1,"TSC",9.13793103448276,NA,60472,120.051826271769
49201,2025,7,2025-01-03,4,23,23,1,NA,NA,NA,62703,129.431120686559
49350,2022,4,2022-01-09,0,17,16,0.941176470588235,"NP3",14.0588235294118,6,54813,96.336471847711
49350,2024,6,2024-01-27,2,15,15,1,NA,NA,NA,60576,108.488286351415
49395,2021,3,2021-01-09,0,16,16,1,"BBN",17.7142857142857,37,NA,NA
49395,2022,4,2022-01-20,1,18,17,0.944444444444444,"NP0",20.4925373134328,6,54944,114.279077641212
49454,2022,4,2022-01-10,0,21,21,1,"MBBU",7.36363636363636,6,NA,NA
49503,2022,4,2022-01-05,0,21,19,0.904761904761905,"TSW",31.4090909090909,6,54792,103.177068269634
49504,2024,6,2024-02-01,2,18,18,1,"BBSU",15.1724137931035,NA,60890,118
49544,2024,6,2024-01-31,2,18,18,1,"APG",26.7880794701987,NA,60945,117.448324856606
49544,2025,7,2025-01-25,3,16,16,1,"AP",31.914798206278,NA,63062,134.52563884655
49594,2024,6,2024-01-29,1,17,15,0.88235294117647,"AP",28.8756218905473,NA,60971,135.605806919325
49654,2024,6,2024-01-29,1,15,15,1,"TSB",24.6357142857143,NA,60582,111.545557083052
49677,2024,6,2024-02-06,1,19,19,1,"APG",26.7880794701987,NA,60623,107.912325241289
49677,2025,7,2025-02-06,2,18,17,0.944444444444444,"BBSL",27.4793388429752,NA,63196,117.188595588031
49843,2022,4,2022-01-20,0,24,24,1,"NP3",14.0588235294118,6,54956,99.9420365548446
49891,2021,3,2021-01-21,0,15,15,1,"BBN",17.7142857142857,37,53075,85.1933974079469
49965,2024,5,2024-01-17,0,20,19,0.95,"TSB",24.6357142857143,NA,60616,112.184029987161
50258,2022,4,2022-01-20,0,14,11,0.785714285714286,"NP0",20.4925373134328,6,NA,NA
50301,2023,4,2023-01-18,0,18,4,0.222222222222222,"SBW",29.0357142857143,59,NA,NA
50301,2024,5,2024-01-14,1,14,14,1,"NP1",12.6428571428571,NA,NA,NA
50301,2025,6,2025-01-17,2,19,19,1,"NP0",23.8413793103448,NA,62672,113.107223420366
50475,2025,6,2025-01-26,1,14,14,1,"BBSL",27.4793388429752,NA,63050,131.252359328047
50501,2023,4,2023-01-17,0,21,21,1,"NPGa",13.7260273972603,59,57579,102.767197398728
50501,2024,5,2024-01-19,1,18,17,0.944444444444444,"TSB",24.6357142857143,NA,NA,NA
50539,2023,4,2023-01-02,0,23,19,0.826086956521739,"NPGa",13.7260273972603,59,NA,NA
50634,2023,4,2023-01-22,0,20,19,0.95,"NP0",18.0344827586207,59,57454,85.9226438713663
50634,2025,6,2025-01-30,2,17,16,0.941176470588235,"NP2",13.3809523809524,NA,62952,137.415010709181
50850,2024,5,2024-01-06,0,20,20,1,NA,NA,NA,60581,117.91664945101
50866,2023,4,2023-01-17,0,23,18,0.782608695652174,"NPGa",13.7260273972603,59,NA,NA
50866,2024,5,2024-01-27,1,14,14,1,"APGw",18.9411764705882,NA,NA,NA
50866,2025,6,2025-01-24,2,16,3,0.1875,"TSB",24.8922155688623,NA,NA,NA
51260,2020,4,2020-01-06,0,23,23,1,"TSB",20.3571428571429,9,51285,124.965399077059
51303,2021,5,2021-01-16,1,14,14,1,"SBE",33.1041666666667,37,NA,NA
51363,2024,4,2024-01-23,0,20,20,1,"BBSU",15.1724137931035,NA,NA,NA
51370,2024,4,2024-01-12,0,23,23,1,"NP1",12.6428571428571,NA,NA,NA
51370,2025,5,2025-01-16,1,17,17,1,"NP0",23.8413793103448,NA,62864,107.628791254571
51371,2023,3,2023-01-03,0,19,7,0.368421052631579,"NPGa",13.7260273972603,59,NA,NA
51371,2024,4,2024-01-09,1,22,22,1,"NPGa",16.6086956521739,NA,NA,NA
51374,2025,5,2025-01-16,2,19,19,1,"TSB",24.8922155688623,NA,62671,112.297378688036
51500,2024,4,2024-01-07,0,16,16,1,"APG",26.7880794701987,NA,NA,NA
51527,2025,5,2024-12-30,0,27,16,0.592592592592593,"AP",31.914798206278,NA,NA,NA
51555,2024,4,2024-01-22,0,19,15,0.789473684210526,"TSB",24.6357142857143,NA,NA,NA
51555,2025,5,2025-01-18,1,16,16,1,"TSB",24.8922155688623,NA,62841,108.013619950464
51588,2025,5,2025-01-04,0,15,15,1,"NP0",23.8413793103448,NA,NA,NA
51622,2024,4,2024-01-21,0,19,19,1,"TSB",24.6357142857143,NA,60612,115.870311425611
51640,2024,4,2024-01-07,0,20,19,0.95,"NPGa",16.6086956521739,NA,60579,107.832383219958
51642,2025,5,2025-01-03,0,18,18,1,"NP0",23.8413793103448,NA,62707,134.064409202374
51711,2024,4,2024-01-17,0,22,22,1,"NPGa",16.6086956521739,NA,60628,110.923069293475
51722,2024,4,2024-01-27,0,14,5,0.357142857142857,"NP4",18.3333333333333,NA,NA,NA
51792,2024,4,2024-01-05,0,15,14,0.933333333333333,"MBBU",13.0909090909091,NA,60456,115.44672194211
51792,2025,5,2025-01-13,1,14,14,1,"APG",14.974358974359,NA,NA,NA
51872,2024,4,2024-01-08,0,22,20,0.909090909090909,"MBBU",13.0909090909091,NA,NA,NA
51886,2024,4,2024-01-08,0,18,18,1,"SBW",24.8214285714286,NA,NA,NA
51907,2025,5,2025-01-14,1,14,14,1,"NP0",23.8413793103448,NA,62862,113.85880112759
51911,2024,4,2024-01-22,0,16,16,1,"APG",26.7880794701987,NA,60897,92.3808076136747
52053,2024,4,2024-01-06,0,16,14,0.875,"APG",26.7880794701987,NA,NA,NA
52119,2024,4,2024-01-23,0,21,21,1,"SBW",24.8214285714286,NA,60573,129.915172170549
52119,2025,5,2025-01-26,1,18,18,1,"NP0",23.8413793103448,NA,62923,136.768080665225
52180,2024,4,2024-01-17,0,20,17,0.85,"SBE",24.6,NA,60924,105.265684061357
52991,2025,4,2025-01-09,0,22,21,0.954545454545455,"BBN",9.16129032258064,NA,62662,96.9561340095699
53013,2025,4,2025-01-10,0,14,14,1,"AP",31.914798206278,NA,62821,118.591517498926
53030,2025,4,2025-01-19,0,16,15,0.9375,"BBN",9.16129032258064,NA,62696,136.179922306234
53034,2024,3,2024-01-21,0,19,19,1,"TSC",9.13793103448276,NA,NA,NA
53056,2024,3,2024-01-14,0,21,8,0.380952380952381,"TSC",9.13793103448276,NA,NA,NA
53119,2024,3,2024-01-24,0,16,15,0.9375,"TSC",9.13793103448276,NA,60619,83.773543164188
53130,2025,4,2025-01-20,0,14,14,1,"BBN",9.16129032258064,NA,62907,118.570876908
53135,2025,4,2025-01-01,0,19,19,1,"NP0",23.8413793103448,NA,NA,NA
53152,2025,4,2025-01-21,0,15,15,1,"BBSL",27.4793388429752,NA,62908,113.781908769024
53160,2025,4,2025-01-09,0,14,14,1,"AP",31.914798206278,NA,NA,NA
53187,2025,4,2025-01-08,0,19,19,1,"MBBU",13.2592592592593,NA,NA,NA
53202,2025,4,2025-01-03,0,19,19,1,"NP0",23.8413793103448,NA,NA,NA
53215,2024,3,2024-01-24,0,16,16,1,"APG",26.7880794701987,NA,60896,86.5756544422997
53215,2025,4,2025-01-16,1,14,13,0.928571428571429,"AP",31.914798206278,NA,62828,98.8540250346465
53226,2025,4,2025-01-15,0,17,16,0.941176470588235,"NP0",23.8413793103448,NA,62861,109.941909332109
53264,2025,4,2024-12-30,0,21,21,1,"NP0",23.8413793103448,NA,NA,NA
53269,2024,3,2024-01-12,0,19,19,1,"TSC",9.13793103448276,NA,NA,NA
53397,2025,4,2025-02-08,0,15,15,1,"NP2",13.3809523809524,NA,NA,NA
53639,2025,4,2025-01-10,0,18,17,0.944444444444444,"AP",31.914798206278,NA,NA,NA
53683,2025,4,2024-12-29,0,20,20,1,"AP",31.914798206278,NA,NA,NA
53716,2025,4,2024-12-29,0,19,18,0.947368421052632,"APG",14.974358974359,NA,NA,NA
53738,2025,4,2025-01-10,0,22,22,1,"BBSL",27.4793388429752,NA,62663,108.344543820971
53782,2025,4,2025-01-03,0,26,26,1,"BBSL",27.4793388429752,NA,NA,NA
53966,2025,4,2025-01-05,0,18,17,0.944444444444444,"NP0",23.8413793103448,NA,NA,NA
54063,2025,4,2025-01-15,0,17,17,1,"NP0",23.8413793103448,NA,62818,114.852731433228
