"season","pupID","animalID","Wt","weighingdate","weandate"
1987,10282,6332,120,1987-02-28,1987-03-01
1987,10284,8482,152,1987-02-26,1987-02-23
1987,10303,6605,115,1987-03-03,1987-02-25
1987,10314,8342,49,1987-03-01,1987-02-19
1988,10486,9176,143,1988-02-08,1988-02-06
1988,10502,5818,137,1988-02-06,1988-02-05
1988,10529,8070,98,1988-02-12,1988-02-11
1988,10552,13222,121,1988-03-03,1988-02-18
1988,10557,8123,111,1988-02-19,1988-02-15
1988,10589,18080,119,1988-02-23,1988-02-16
1988,10615,8749,90,1988-02-23,1988-02-17
1988,10617,7838,102,1988-02-23,1988-02-19
1988,10634,8482,165,1988-02-23,1988-02-20
1988,10638,6332,133,1988-03-03,1988-02-22
1988,10644,8308,121,1988-03-03,1988-02-24
1988,10656,7259,111,1988-02-16,1988-02-16
1988,10664,6605,137,1988-02-27,1988-02-26
NA,9678,7679,144,NA,1989-02-15
1989,10841,8680,90,1989-03-04,1989-01-24
1989,10910,8055,124,1989-02-19,1989-02-05
1989,10933,5818,147,1989-02-24,1989-02-07
1989,10946,8749,112,1989-02-26,1989-02-16
1989,10957,20258,139,1989-02-19,1989-02-15
1989,10962,9151,104,1989-02-22,1989-02-15
1989,10965,8482,182,1989-02-17,1989-02-16
1989,10967,7259,126,1989-02-17,1989-02-15
1989,10971,8342,153,1989-02-27,1989-02-11
1989,10980,18080,120,1989-03-02,1989-02-14
1989,11004,17931,124,1989-03-05,1989-02-20
1989,11017,6605,138,1989-02-28,1989-02-20
1989,11023,8123,128,1989-02-27,1989-02-18
1989,11032,7838,136,1989-02-25,1989-02-21
1989,11090,8184,109,1989-03-04,1989-03-03
1989,11091,6332,103,1989-03-05,1989-03-01
1990,11257,9311,86.184,1990-02-27,1990-01-30
1990,11276,13222,143.791,1990-02-27,1990-02-01
1990,11325,20287,85,1990-03-03,1990-02-10
1990,11337,8342,124.74,1990-03-04,1990-02-11
1990,11344,9623,172.368,1990-03-04,1990-02-04
1990,11364,8070,139.255,1990-02-24,1990-02-01
1990,11385,8308,116.122,1990-02-25,1990-02-16
1990,11390,17931,136.08,1990-02-25,1990-02-19
1990,11403,8749,123.833,1990-02-24,1990-02-16
1990,11409,7838,139.255,1990-02-24,1990-02-18
1990,11418,8482,154,1990-02-28,1990-02-22
1990,11460,9463,97.0704,1990-03-01,1990-02-28
1990,11483,6332,146.059,1990-03-04,1990-03-04
1991,11607,10847,152,1991-02-03,1991-02-07
1991,11628,10215,130,1991-02-21,1991-01-25
1991,11642,8070,132,1991-02-07,1991-02-05
1991,11662,9311,138,1991-02-09,1991-02-06
1991,11693,8749,136,1991-02-24,1991-02-22
1991,11695,8184,133,1991-02-15,1991-02-18
1991,11700,18080,59,1991-02-11,1991-02-01
1991,11714,9176,104,1991-02-17,1991-01-21
1991,11716,13222,135,1991-02-26,1991-02-11
1991,11762,17931,139,1991-02-17,1991-02-16
1991,11775,20274,132,1991-02-26,1991-02-21
1991,11791,7838,145,1991-02-19,1991-02-19
1991,11825,151,129,1991-02-22,1991-02-20
1992,11972,10656,110,1992-02-03,1992-01-29
1992,11982,18080,129,1992-02-17,1992-02-07
1992,11985,10293,113,1992-02-19,1992-02-13
1992,12000,8055,140,1992-02-09,NA
1992,12004,9623,123,1992-02-21,1992-02-06
1992,12011,9275,127,1992-02-26,1992-02-08
1992,12014,9311,150,1992-02-12,1992-02-12
1992,12022,10215,127,1992-01-27,1992-01-27
1992,12036,20277,135,1992-02-19,1992-02-17
1992,12051,5818,151,1992-02-12,1992-02-01
1992,12061,10616,117,1992-02-23,1992-02-16
1992,12064,7259,129,1992-02-20,1992-02-14
1992,12065,10947,78,1992-02-21,1992-02-14
1992,12074,10688,62,1992-02-22,1992-02-19
1992,12082,20294,117,1992-02-27,1992-02-16
1992,12089,10564,96,1992-03-03,1992-02-22
1992,12091,10295,139,1992-02-22,1992-02-20
1992,12110,10322,118,1992-02-27,1992-02-25
1992,12113,10730,111,1992-02-27,1992-02-26
1992,12118,9463,109,1992-02-29,1992-02-26
1992,12121,6605,133,1992-02-28,1992-02-23
1992,12122,20274,104,1992-02-29,1992-02-26
NA,12225,136,91,NA,1993-01-23
1993,12233,9615,113,1993-03-01,1993-02-06
1993,12250,20294,109,1993-02-16,1993-02-12
1993,12290,10971,112,1993-02-28,1993-02-13
1993,12292,10847,136,1993-03-01,1993-02-14
1993,12316,10293,94,1993-03-08,1993-02-17
1993,12318,9311,103,1993-03-08,1993-02-17
NA,12351,20277,113,NA,1993-02-26
1993,12362,10688,124,1993-03-02,1993-02-26
1993,12383,11405,80,1993-03-08,1993-02-17
1993,12388,10564,102,1993-03-02,1993-02-24
1993,12389,8308,124,1993-03-02,1993-02-15
1993,12433,9463,117,1993-03-06,1993-02-20
1994,12539,8680,121,1994-03-03,1994-01-22
1994,12563,11364,97,1994-03-04,1994-02-04
1994,12567,10898,97,1994-03-04,1994-02-05
1994,12572,11619,152,1994-03-02,1994-02-06
1994,12584,11070,119,1994-02-24,1994-02-10
1994,12585,52,111,1994-02-25,1994-02-10
1994,12591,7259,129,1994-02-28,1994-02-11
1994,12595,9615,145,1994-02-25,1994-02-11
NA,12605,10656,160,NA,1994-02-14
NA,12613,17931,157,NA,1994-02-13
1994,12619,9172,124,1994-03-02,1994-02-17
1994,12623,8184,103,1994-02-24,1994-02-16
1994,12627,10847,146,1994-02-25,1994-02-18
1994,12628,20277,133,1994-02-25,1994-02-22
1994,12637,11216,67,1994-03-04,1994-02-13
1994,12668,8749,147,1994-02-24,1994-02-19
1994,12672,10599,114,1994-03-05,1994-02-17
1994,12673,8342,136,1994-02-23,1994-02-16
1994,12675,11802,90,1994-03-03,1994-02-22
1994,12781,8308,124,1994-03-03,1994-02-22
1994,12804,18080,191,1994-03-04,1994-02-25
1995,13410,8070,132,1995-03-01,1995-02-02
1995,13545,5818,137,1995-02-15,1995-02-05
1995,13577,10564,127,1995-02-08,1995-02-01
1995,13630,10687,112,1995-02-18,1995-02-12
1995,13643,8680,125,1995-02-21,1995-01-28
1995,13691,10839,154,1995-02-14,NA
1995,13757,11216,93,1995-02-13,1995-02-12
1995,13761,13222,129,1995-02-19,1995-02-13
1995,13837,10677,107,1995-03-03,1995-03-01
1995,13867,10210,135,1995-02-19,1995-02-12
1995,13891,10953,134,1995-02-17,1995-02-15
1995,13902,11337,122,1995-02-25,1995-02-23
1995,13979,10918,113,1995-02-19,1995-02-17
1995,13991,10847,132,1995-02-22,1995-02-18
1995,13993,17931,111,1995-03-01,1995-02-17
1995,14010,8184,111,1995-02-19,1995-02-16
1995,14029,10971,123,1995-02-23,1995-02-20
1995,14075,11393,116,1995-03-01,1995-02-20
1995,14090,11084,97,1995-02-28,1995-02-21
1995,14139,8308,118,1995-02-28,1995-02-19
1995,14142,9311,138,1995-02-25,1995-02-22
1995,14151,18080,125,1995-02-25,1995-02-23
1995,14194,7679,104,1995-02-26,1995-02-22
1995,14225,8749,124,1995-02-28,1995-02-25
1995,14245,10293,97,1995-02-28,1995-02-24
1995,14251,11070,143,1995-02-27,1995-02-24
1996,14438,10551,151,1996-02-11,1996-02-08
1996,14440,7259,126,1996-02-23,1996-02-17
1996,14441,11216,102.273,1996-02-11,1996-02-10
1996,14451,52,108,1996-03-04,1996-02-14
1996,14452,20258,98,1996-02-24,1996-02-14
1996,14466,10503,104,1996-02-24,1996-02-08
1996,14477,10564,123,1996-02-26,1996-02-04
1996,14518,10699,112,1996-03-04,1996-02-03
1996,14524,136,80,1996-03-04,1996-02-02
1996,14531,10687,116,1996-03-03,1996-02-08
1996,14547,10616,130,1996-02-29,1996-02-10
1996,14551,10918,107,1996-03-02,1996-02-16
1996,14563,12091,91,1996-03-04,1996-02-09
1996,14566,9999,108,1996-02-23,1996-02-11
1996,14577,9151,65,1996-03-02,1996-02-12
1996,14603,11805,87,1996-02-27,1996-01-26
1996,14605,8680,130.909,1996-03-05,1996-02-01
1996,14607,8070,132,1996-03-03,1996-02-02
1996,14623,11619,116,1996-03-02,1996-02-09
1996,14641,8934,108.182,1996-03-13,1996-02-14
1996,14647,8123,130,1996-03-06,1996-02-12
1996,14659,9275,120,1996-03-02,1996-02-15
1996,14675,11621,102,1996-03-03,1996-02-14
1996,14711,11424,119,1996-03-04,1996-02-17
1996,14734,9615,143,1996-03-02,1996-02-19
1996,14740,11084,103,1996-02-23,1996-02-18
1996,14752,20294,139,1996-02-29,1996-02-16
1996,14764,10839,119,1996-03-09,1996-02-19
1996,14765,17931,133,1996-03-01,1996-02-19
1996,14769,12105,86,1996-03-01,1996-02-19
1996,14773,10704,122,1996-03-01,1996-02-22
1996,14798,11393,125,1996-02-26,1996-02-21
1996,14819,10656,113,1996-03-03,1996-02-17
1996,14985,8308,139.091,1996-02-24,1996-02-23
1996,15013,8749,129,1996-03-07,1996-02-24
1996,15015,10688,139,1996-03-06,1996-03-03
1996,15024,11405,109,1996-03-04,1996-02-28
1996,15027,10677,122,1996-03-02,1996-02-26
1996,15028,6607,141,1996-03-02,1996-03-02
1996,15033,9311,132,1996-02-24,1996-02-23
1996,15072,20277,109,1996-03-02,1996-02-29
1997,15187,11621,130,1997-02-20,1997-02-14
1997,15188,20258,135,1997-02-14,1997-02-10
1997,15322,10656,133,1997-03-03,1997-02-15
1997,15437,17931,129,1997-03-01,1997-02-24
1998,15857,8308,105,1998-03-07,1998-02-27
1998,15928,12935,107,1998-03-10,1998-02-23
1999,16144,19604,138.2,1999-02-16,1999-02-13
2001,1094,10688,155.4,2001-03-08,2001-03-06
2001,1110,20274,108,2001-03-10,2001-03-02
2001,14852,13709,105.2,2001-03-08,2001-02-27
2001,14854,11802,142.6,2001-03-08,2001-03-02
2001,14871,7259,123.2,2001-03-08,2001-03-01
2001,14873,14829,96.6,2001-03-03,2001-02-20
2001,16775,10844,152,2001-03-14,2004-12-07
2001,16778,20186,97.2,2001-03-14,2001-01-26
2001,16942,13808,94.8,2001-03-10,2001-02-09
2001,16954,13970,100,2001-03-10,2001-02-04
2001,16967,13891,102.8,2001-03-03,2001-02-12
2001,16992,15035,110,2001-03-07,2001-02-13
2001,16998,11023,115.4,2001-03-14,2001-02-20
2001,17011,10953,120.4,2001-03-08,2001-02-12
2001,17017,13641,123,2001-03-03,2001-02-13
2001,17019,10656,107.6,2001-03-08,2001-02-14
2001,17020,14213,125,2001-03-08,2001-02-13
2001,17021,11216,99,2001-03-03,2001-02-15
2001,17022,14759,134.8,2001-03-03,2001-02-17
2001,17029,12075,118,2001-03-10,2001-02-19
2001,17043,13621,127,2001-03-10,2001-02-26
2001,17044,12091,124.6,2001-03-10,2001-02-24
2001,17047,11100,133.4,2001-03-07,2001-02-27
2001,17048,10295,137.2,2001-03-08,2001-02-25
2001,17052,10677,118.2,2001-03-07,2001-02-27
2002,1219,19697,82,2002-03-03,2002-01-28
2002,1238,13808,109,2002-03-05,2002-02-06
2002,1248,15850,93,2002-03-03,2002-02-01
2002,1252,15727,95,2002-03-03,2002-02-02
2002,1273,14460,126,2002-02-13,2002-02-06
2002,1293,15911,76,2002-02-13,2002-02-08
2002,1299,13987,136,2002-02-13,2002-02-12
2002,1328,12753,111,2002-02-13,2002-02-11
2002,1339,15035,116,2002-03-09,2002-02-15
2002,1341,16089,70,2002-03-12,2002-02-08
2002,1353,15452,129,2002-03-05,2002-02-18
2002,1354,11364,135,2002-03-05,2002-02-15
2002,1358,17931,124,2002-03-03,2002-02-18
2002,1366,11809,140,2002-03-09,2002-02-21
2002,1368,20274,121,2002-03-09,2002-02-25
2002,1370,14629,99,2002-03-03,2002-02-25
2002,1375,11023,133,2002-03-09,2002-02-23
2002,1377,13621,131,2002-03-09,2002-02-21
2002,1392,11802,130,2002-03-05,2002-02-26
2002,1401,12091,124,2002-03-19,2002-02-21
2002,1409,15873,99,2002-03-12,2002-03-01
2002,1414,10677,93,2002-03-09,2002-02-27
2002,1443,7259,129,2002-03-09,2002-03-03
2002,1452,7838,124,2002-03-12,2002-03-03
2002,14895,15814,100,2002-03-05,2002-02-13
2002,16343,13641,146,2002-02-21,2002-02-18
2002,16344,14906,120,2002-02-23,2002-02-19
2002,16346,14213,130,2002-03-03,2002-02-20
2002,16348,14829,122,2002-02-21,2002-02-19
2002,16349,9615,170,2002-02-21,2002-02-19
2002,16352,14123,115,2002-03-09,2002-02-17
2003,1536,19697,96.6,2003-03-13,2003-02-05
2003,1703,14629,131.6,2003-03-08,2003-03-01
2003,1709,16190,123,2003-02-12,2003-02-11
2003,1768,19605,86.2,2003-03-05,2003-02-08
2003,1782,15814,116.2,2003-03-13,2003-02-14
2003,1799,13808,111.6,2003-03-04,2003-02-10
2003,1814,11048,128.2,2003-03-07,2003-02-15
2003,1818,14123,121.8,2003-03-04,2003-02-14
2003,1820,11023,138.4,2003-03-07,2003-02-19
2003,1826,11809,126,2003-03-05,2003-02-19
2003,1846,15035,116.2,2003-03-07,2003-02-17
2003,1862,16218,76.4,2003-03-04,2003-02-17
2003,1894,15793,101.8,2003-03-05,2003-02-22
2003,2042,136,127,2003-03-06,2003-02-18
2003,2131,7838,90.6,2003-03-13,2003-02-28
2003,2133,14685,148,2003-03-05,2003-03-01
2003,2164,15873,111.4,2003-03-07,2003-03-01
2003,2217,10971,136.6,2003-03-05,2003-03-03
2004,2251,15850,92,2004-03-11,2004-01-27
2004,2303,15007,111.4,2004-03-14,2004-01-27
2004,2315,14847,133.6,2004-03-11,2004-02-08
2004,2322,16553,91.4,2004-03-11,2004-02-11
2004,2325,12753,84.8,2004-03-16,2004-02-12
2004,2344,16089,104.2,2004-03-09,2004-02-10
2004,2359,15814,119.6,2004-03-14,2004-02-10
2004,2368,15706,103,2004-03-09,2004-02-16
2004,2374,9176,135.6,2004-03-11,2004-02-18
2004,2375,16545,75.8,2004-03-16,2004-02-18
2004,2376,15891,131,2004-03-09,2004-02-18
2004,2393,16608,49.6,2004-03-11,2004-02-20
2004,2441,16758,91.4,2004-03-09,2004-02-06
2004,2443,16295,106.2,2004-03-11,2004-02-13
2004,2445,11424,134.4,2004-02-29,2004-02-27
2004,2496,14123,120,2004-03-02,2004-02-15
2004,2505,13709,102,2004-03-04,2004-02-20
2004,2508,16258,97.6,2004-03-09,2004-02-15
2004,2522,11802,148.6,2004-03-02,2004-02-23
2004,2529,16608,80,2004-03-02,2004-02-22
2004,2541,14629,116.6,2004-03-11,2004-02-22
2004,2544,15316,102.6,2004-03-04,2004-02-27
2004,2548,19956,116.8,2004-03-04,2004-02-19
2004,2563,11987,142.2,2004-03-02,2004-02-28
2004,2581,19612,112.8,2004-03-09,2004-02-29
2004,2612,14685,132.6,2004-03-14,2004-03-01
2005,2820,17975,109,2005-03-05,2005-01-23
2005,2866,13976,138.5,2005-02-11,2005-02-10
2005,2916,19983,78,2005-03-11,2005-01-28
2005,2967,16608,107,2005-03-05,2005-03-04
2005,3096,11987,158,2005-03-10,NA
2005,3173,151,142,2005-03-13,NA
2005,3299,7838,128,2005-03-26,NA
2005,17053,13134,103,2005-03-10,2005-02-03
2005,17061,17045,79,2005-03-10,2005-02-04
2005,17066,15787,70,2005-03-05,2005-02-09
2005,17068,15787,67,2005-03-13,2005-02-09
2005,17070,15035,122,2005-03-11,2005-02-12
2005,17072,16563,99,2005-03-05,2005-02-12
2005,17073,16774,102,2005-03-05,2005-02-12
2005,17077,13938,123,2005-02-21,2005-02-09
2005,17080,15814,119,2005-03-05,2005-02-15
2005,17087,1145,152,2005-03-13,NA
2005,17090,16553,125,2005-02-21,2005-02-17
2005,17091,15727,114,2005-03-13,2005-02-15
2005,17093,14123,119,2005-02-24,2005-02-19
2005,17094,19971,97,2005-03-10,2005-02-15
2005,17096,16547,104,2005-02-24,2005-02-21
2005,17100,11048,121,2005-03-08,2005-02-19
2005,17108,19956,115,2005-03-10,2005-02-24
2005,17118,11802,134,2005-03-10,2005-02-24
2005,17128,15793,107,2005-03-05,2005-03-03
2005,17131,16218,93,2005-03-13,2005-02-27
2005,17132,19612,138,2005-03-05,2005-02-27
2005,17134,13709,100,2005-03-05,2005-02-27
2005,17135,11023,107,2005-03-08,2005-02-27
2005,17139,9623,86,2005-03-08,2005-02-17
2005,17146,12091,128,2005-03-13,2005-02-17
2005,17313,16434,87.5,2005-02-14,2005-02-13
2005,17314,15911,119.5,2005-02-14,2005-02-11
2005,17346,16258,97,2005-03-06,2005-02-21
2005,17416,16157,163.5,2005-02-17,2005-02-16
2005,17420,14213,142,2005-02-17,2005-02-19
2005,17499,15316,120,2005-02-24,2005-02-23
2005,17535,15706,116,2005-02-25,2005-02-22
2006,3125,16295,129.2,2006-03-18,2006-02-20
2006,3389,15787,116,2006-02-15,2006-02-11
2006,3420,13938,136,2006-02-15,2006-02-10
2006,3469,16547,112.8,2006-03-13,2006-02-25
2006,3471,14829,118.4,2006-03-04,2006-02-25
2006,17320,10918,102.6,2006-03-18,2006-01-20
2006,17588,17045,99,2006-03-01,2006-02-01
2006,17591,16157,137,2006-03-08,NA
2006,17592,14123,104.2,2006-03-08,2006-02-18
2006,17594,1561,113.8,2006-03-08,2006-02-27
2006,3391,13976,136,2006-02-15,2006-02-11
2006,17604,15814,123.4,2006-03-15,2006-02-12
2006,17768,19899,78,2006-03-08,2006-02-07
2006,17772,15911,92,2006-03-13,2006-02-16
2006,17773,16339,95.2,2006-03-18,2006-01-30
2006,17776,15035,117.8,2006-03-08,2006-02-12
2006,17786,19988,78.4,2006-03-18,2006-02-17
2006,17791,12935,142.4,2006-03-08,2006-02-20
2006,17803,1403,97,2006-03-08,2006-02-22
2006,17811,19612,139.6,2006-03-04,2006-02-25
2006,17816,1364,119,2006-03-04,2006-02-24
2006,17817,16218,105.8,2006-03-15,2006-02-26
2006,17820,19956,111,2006-03-15,2006-02-24
2006,17828,13709,80,2006-03-13,2006-02-27
2006,17831,10971,117.8,2006-03-04,2006-03-02
2006,17833,11987,134.6,2006-03-13,2006-03-02
2007,20423,16218,106,2007-03-09,2007-02-15
2007,20419,19983,105,2007-03-09,2007-02-05
2007,20430,16774,115,2007-03-09,2007-01-27
2007,20417,17996,99,2007-03-01,2007-02-06
2007,20432,13987,120,2007-03-04,2007-02-06
2007,20435,14092,118,2007-02-28,2007-02-16
2007,20403,15787,118,2007-02-12,2007-02-07
2007,20404,14883,100,2007-02-28,2007-02-14
2007,20402,10918,129,2007-03-08,NA
2007,20453,12091,138,2007-03-13,2007-02-21
2007,20449,16295,106,2007-03-09,2007-02-22
2007,20455,15706,93,2007-03-09,2007-02-18
2007,20458,12935,144,2007-03-01,2007-02-22
2007,20468,14213,120,2007-03-03,2007-02-22
2007,20482,1403,102,2007-03-01,2007-02-21
2007,20433,15701,117,2007-02-28,2007-02-13
2007,20444,15035,141,2007-02-28,2007-02-27
2007,20437,1479,146,2007-02-28,NA
2007,20441,14759,134,2007-03-03,2007-02-22
2007,20439,16563,100,2007-02-28,2007-02-22
2007,20443,16359,144,2007-03-01,NA
2007,20446,16339,113,2007-03-06,2007-02-17
2007,20448,19988,120,2007-03-06,2007-02-19
2007,22355,13709,106,2007-03-06,2007-03-04
2007,22371,15793,116,2007-03-06,2007-02-22
2007,22373,11619,133,2007-03-08,2007-02-27
2008,32814,13938,124,2008-03-05,2008-02-16
2008,32820,16728,118,2008-03-05,2008-02-21
2008,33753,15701,143,2008-03-03,NA
2008,33754,1464,139,2008-03-03,NA
2008,32827,16295,138,2008-03-05,2008-02-23
2008,32831,16322,119,2008-03-05,2008-02-16
2008,33743,15706,158,2008-03-03,NA
2008,33744,14881,149,2008-03-12,NA
2008,32840,14883,106,2008-03-10,2008-02-28
2008,32851,19612,142,2008-03-05,2008-03-03
2008,32839,1364,122,2008-03-12,2008-03-11
2008,23192,2156,69,2008-03-07,2008-02-13
2008,23235,15814,111,2008-03-12,2008-02-07
2009,36439,17094,149,2009-03-11,NA
2009,33984,3218,79,2009-03-13,2009-02-11
2009,34456,17258,51,2009-03-16,2009-02-11
2009,33989,2152,84,2009-03-09,2009-02-16
2009,33990,19605,89,2009-03-09,2009-02-22
2009,33992,17087,91,2009-03-16,2009-02-16
2009,36445,1464,147,2009-03-13,NA
2009,36458,1364,136,2009-03-13,NA
2009,33892,16157,124,2009-02-28,NA
2009,33903,16792,135,2009-03-01,NA
2009,33900,16236,138,2009-03-07,NA
2009,33883,19899,153,2009-03-01,NA
2009,33775,16553,154,2009-03-18,NA
2009,33889,17397,144,2009-03-16,NA
2009,33861,15701,145,2009-03-09,NA
2009,34058,16547,120,2009-03-18,2009-02-20
2009,34054,16945,100,2009-03-18,2009-02-17
2009,34055,19993,101,2009-03-07,2009-02-21
2009,33974,14883,123,2009-03-09,2009-02-26
2010,35787,15814,146,2010-03-15,NA
2010,35743,1636,136,2010-02-02,2010-01-18
2010,36701,1364,151,2010-03-05,NA
2010,36357,2456,115,2010-03-06,2010-02-06
2010,36359,17398,92,2010-03-15,2010-02-04
2010,36687,17087,147,2010-03-11,NA
2010,36303,1561,138,2010-02-28,NA
2010,36013,2024,110,2010-03-10,2010-01-26
2010,36087,16339,125,2010-03-04,2010-02-22
2010,36088,16545,72,2010-02-27,2010-02-04
2010,36141,2156,86,2010-03-04,2010-02-07
2010,35876,15805,101,2010-03-08,2010-02-06
2010,35964,16608,113,2010-03-07,2010-02-12
2010,35877,16758,126,2010-02-27,2010-02-09
2010,35980,17159,106,2010-03-04,2010-02-14
2010,36077,16464,140,2010-03-10,2010-02-23
2010,36221,19993,145,2010-03-27,NA
2010,36301,16971,154,2010-03-07,NA
2010,36837,14460,144,2010-03-06,NA
2010,36703,14883,156,2010-03-15,NA
2010,35746,19899,117,2010-02-06,2010-01-30
2011,38281,20437,78,2011-03-06,2011-02-22
2011,38031,20642,101,2011-03-17,2011-02-06
2011,38111,16774,115,2011-03-09,2011-02-07
2011,38045,20643,102,2011-03-05,2011-02-10
2011,37652,2152,116,2011-03-09,2011-02-08
2011,37653,16434,124,2011-03-09,2011-02-09
2011,37706,15701,118,2011-03-22,2011-02-12
2011,37655,2341,105,2011-03-08,2011-01-29
2011,37708,16237,114,2011-03-14,2011-02-14
2011,37709,3218,99,2011-03-12,2011-02-13
2011,37710,17996,69,2011-03-17,2011-02-19
2011,37712,15793,126,2011-02-28,2011-02-14
2011,37717,15787,111,2011-03-17,2011-01-31
2011,37791,16792,137,2011-03-03,2011-02-15
2011,37790,15706,93,2011-03-22,2011-02-22
2011,38033,16545,86,2011-03-03,2011-02-04
2011,38135,17786,97,2011-03-09,2011-02-16
2011,38171,17258,114,2011-03-14,2011-02-17
2011,38314,17637,113,2011-03-05,2011-02-23
2011,37651,15814,78,2011-03-21,2011-02-05
2011,37843,16218,109,2011-03-09,2011-02-21
2011,37793,20615,100,2011-03-14,2011-01-27
2011,38315,16339,130,2011-03-21,2011-02-23
2011,38336,14092,92,2011-03-14,2011-02-26
2011,38475,1364,129,2011-03-17,2011-03-10
2011,38011,1636,122,2011-03-14,2011-01-30
2011,38461,1561,118,2011-03-14,2011-03-06
2012,40183,16411,111,2012-03-18,2012-02-07
2012,39823,3778,110,2012-03-10,2012-02-02
2012,39824,17210,111,2012-03-10,2012-02-03
2012,39825,20650,72,2012-03-09,2012-01-11
2012,40379,19993,114,2012-03-09,2012-02-16
2012,40632,17774,129,2012-03-01,2012-02-23
2012,40796,1561,127,2012-03-11,2012-03-04
2012,40049,20437,110,2012-03-04,2012-02-23
2012,40048,3218,48,2012-03-11,2012-02-08
2012,40109,19988,130,2012-03-12,2012-02-21
2012,40047,3674,110,2012-03-18,2012-02-18
2012,40904,20643,145,2012-03-04,NA
2012,40045,17671,86,2012-03-04,2012-02-18
2012,40232,26359,90,2012-03-09,2012-02-08
2012,40122,16545,106,2012-03-08,2012-02-03
2012,40057,34352,130,2012-03-10,2012-02-01
2012,40186,1403,122,2012-03-12,2012-02-23
2012,40197,23178,94,2012-02-28,2012-02-04
2012,40188,17516,131,2012-03-04,2012-02-23
2012,40050,17705,124,2012-03-12,2012-02-03
2012,40467,20758,112,2012-03-11,2012-02-20
2012,40642,17637,125,2012-03-09,2012-02-27
2012,40382,20551,117,2012-03-10,2012-02-19
2012,40649,31049,102,2012-02-24,2012-02-15
2012,40478,26313,130,2012-03-11,2012-02-21
2012,40184,20875,110,2012-03-09,2012-02-13
2012,40279,20914,110,2012-03-05,2012-02-13
2012,40187,17087,140,2012-03-03,2012-02-23
2012,40185,20924,88,2012-03-12,2012-02-05
2012,40286,14759,131,2012-03-10,2012-02-12
2012,40520,16157,156,2012-02-24,2012-02-21
2012,40252,34130,76,2012-02-23,2012-02-09
2012,40287,28475,95,2012-03-18,2012-02-10
2012,40476,17071,120,2012-03-10,2012-02-19
2012,40473,3188,109,2012-03-11,2012-02-19
2012,40025,32828,121,2012-03-08,2012-02-13
2012,40549,16971,145,2012-03-08,NA
2012,40618,1464,112,2012-03-11,2012-02-24
2012,40643,17783,132,2012-03-09,2012-02-27
2012,40656,3743,112,2012-03-05,2012-02-22
2012,40613,17786,105,2012-02-26,2012-02-18
2012,40798,1364,145,2012-03-15,2012-03-04
2013,41783,17398,112,2013-03-29,2013-02-07
2013,41850,32828,121,2013-03-12,2013-02-13
2013,41826,20650,130,2013-02-03,2013-01-21
2013,41848,20873,114,2013-03-06,2013-02-15
2013,41917,16792,125,2013-03-12,2013-02-19
2013,41917,16792,114,2013-03-29,2013-02-19
2013,41763,20615,137,2013-02-04,2013-01-25
2013,41762,19971,120,2013-03-13,2013-01-26
2013,41684,20844,117,2013-02-21,2013-02-01
2013,41761,20419,80,2013-03-15,2013-02-03
2013,41766,17094,105,2013-03-18,2013-02-02
2013,41916,28475,103,2013-03-18,2013-02-14
2013,41765,16545,141,2013-03-14,NA
2013,41589,33753,81,2013-03-15,2013-01-23
2013,41769,17302,107,2013-03-14,2013-01-18
2013,42037,34163,91,2013-03-14,2013-02-03
2013,41940,34352,148,2013-02-02,2013-02-01
2013,42069,1636,161,2013-02-03,2013-01-31
2013,41849,20756,120,2013-02-20,2013-02-13
2013,42307,17705,143,2013-02-07,2013-02-06
2013,42853,20616,117,2013-03-01,2013-02-05
2013,42112,2406,148,2013-02-21,2013-02-07
2013,42194,34398,125,2013-02-24,2013-02-15
2013,42045,3188,111,2013-03-15,2013-02-16
2013,42074,28460,100,2013-03-26,2013-02-05
2013,42432,17774,156,2013-02-24,2013-02-22
2013,42493,34222,100,2013-03-10,2013-02-10
2013,42520,34525,117,2013-02-20,2013-02-14
2013,42423,36985,117,2013-03-06,2013-02-19
2013,42492,33980,100,2013-03-05,2013-02-09
2013,42242,26325,129,2013-03-15,2013-02-11
2013,42507,17671,79,2013-03-12,2013-02-16
2013,41959,15701,113,2013-03-16,2013-02-08
2013,42230,34677,91,2013-03-06,2013-02-08
2013,42082,34138,84,2013-03-16,2013-02-06
2013,42259,15814,138,2013-02-27,2013-02-11
2013,42260,13938,110,2013-02-28,2013-02-10
2013,42199,36440,83,2013-03-13,2013-02-08
2013,42207,20643,139,2013-03-11,2013-02-14
2013,42511,17071,125,2013-03-03,2013-02-16
2013,42340,15706,114,2013-03-15,2013-02-12
2013,42522,17258,126,2013-03-08,2013-02-17
2013,42444,17783,73,2013-03-03,2013-02-16
2013,42531,19988,118,2013-03-26,2013-02-19
2013,42536,36468,90,2013-03-18,2013-02-18
2013,42537,41873,110,2013-03-01,2013-02-20
2013,42538,20914,130,2013-03-14,2013-02-20
2013,42575,31469,135,2013-03-26,2013-02-16
2013,42580,17087,145,2013-02-25,2013-02-18
2013,42572,34120,89,2013-02-27,2013-02-12
2013,42872,16237,106,2013-03-16,2013-02-23
2013,42583,14881,134,2013-02-24,2013-02-16
2013,42607,14759,151,2013-03-07,2013-02-19
2013,42725,3674,129,2013-03-15,2013-02-25
2013,42724,1403,133,2013-03-07,2013-02-27
2013,42835,20551,137,2013-03-05,NA
2013,42193,34244,95,2013-03-06,2013-02-07
2013,42261,3778,102,2013-03-26,2013-02-10
2014,44205,17516,125,2014-03-14,2014-02-23
2014,44206,38712,138,2014-03-03,2014-02-23
2014,43995,34138,140,2014-02-22,NA
2014,44007,20710,134,2014-02-22,2014-02-01
2014,43992,20844,142,2014-03-08,NA
2014,44039,23178,108.4,2014-03-19,2014-02-09
2014,44044,33980,121,2014-02-21,2014-02-08
2014,44037,3778,108,2014-03-15,2014-02-10
2014,44041,17080,133,2014-03-03,2014-02-09
2014,44043,16774,136,2014-03-04,2014-02-09
2014,44131,34222,115,2014-02-26,2014-02-12
2014,44390,17258,125,2014-03-14,2014-02-20
2014,44031,2341,122,2014-03-07,2014-02-02
2014,43970,34352,141,2014-02-18,2014-01-30
2014,44387,33913,154,2014-03-06,NA
2014,44746,36440,76,2014-03-12,2014-02-08
2014,44005,34525,118,2014-03-08,2014-02-25
2014,44388,34209,95,2014-03-17,2014-02-12
2014,44158,36708,85,2014-03-08,2014-02-13
2014,44134,34244,108,2014-03-05,2014-02-12
2014,44055,16971,139,2014-03-03,2014-02-11
2014,44175,34723,132,2014-02-22,2014-02-13
2014,44059,36358,114,2014-02-22,2014-02-13
2014,44042,33845,115,2014-03-11,2014-02-09
2014,44150,17210,128,2014-02-19,2014-02-07
2014,44156,36700,88,2014-03-16,2014-02-13
2014,44157,36634,109,2014-02-18,2014-02-14
2014,44180,17637,124,2014-03-06,2014-02-17
2014,44167,34120,121,2014-03-03,2014-02-15
2014,44181,33783,127,2014-03-08,2014-02-14
2014,44057,20838,114,2014-02-21,2014-02-11
2014,44191,17087,125,2014-03-10,2014-02-16
2014,44202,20758,131,2014-03-12,2014-02-21
2014,44187,36819,86,2014-03-16,2014-02-19
2014,44234,36553,108,2014-03-03,2014-02-25
2014,44236,3218,115,2014-03-06,2014-02-23
2014,44251,1464,114,2014-03-13,2014-02-26
2014,44185,34677,124,2014-02-21,2014-02-16
2014,44327,1561,153,2014-03-08,2014-02-01
2015,45186,2024,112.5,2015-03-13,2015-02-11
2015,44999,38014,100,2015-02-22,2015-01-29
2015,45161,34352,107,2015-03-05,2015-02-05
2015,45128,17516,156,2015-03-19,NA
2015,45128,17516,154,2015-03-11,NA
2015,45149,17258,120,2015-03-01,2015-02-25
2015,45187,34163,90,2015-03-05,2015-03-03
2015,45345,36634,158,2015-03-18,NA
2015,45382,34644,110,2015-02-27,2015-02-24
2015,45383,38600,67,2015-03-10,2015-02-19
2015,45274,36700,92,2015-03-08,2015-02-21
2015,45268,36681,143,2015-03-15,NA
2015,45076,16758,95.4,2015-03-26,2015-01-29
2015,45316,34723,129,2015-02-22,2015-02-20
2015,45126,17210,128,2015-03-04,2015-02-02
2015,45188,36985,122,2015-03-04,2015-03-02
2015,45132,34525,156,2015-03-28,NA
2015,45190,40840,70.4,2015-03-26,2015-02-03
2016,46680,34209,109,2016-02-29,2016-02-01
2016,46551,40954,78,2016-03-09,2016-01-21
2016,46552,36359,90,2016-03-25,2016-01-27
2016,46562,2078,123,2016-03-16,2016-02-14
2016,46648,32824,117,2016-03-02,2016-02-18
2016,46624,34120,115,2016-03-17,2016-02-21
2016,46650,36358,76,2016-02-28,2016-02-16
2016,46649,36358,77,2016-02-29,2016-02-16
2016,46846,38289,102,2016-03-04,2016-02-19
2016,46847,17080,135,2016-02-28,2016-02-22
2016,46627,36707,115,2016-03-23,2016-02-10
2016,46663,33783,141,2016-03-02,2016-02-24
2016,46787,34159,122,2016-03-02,2016-02-18
2016,46651,40883,95,2016-02-12,2016-02-03
2016,46767,40952,103,2016-03-04,2016-02-11
2016,46728,34352,110,2016-03-23,2016-02-06
2016,46749,40796,78,2016-03-24,2016-02-11
2016,46772,33913,128,2016-02-20,2016-02-11
2016,46889,36636,118,2016-03-13,2016-02-22
2016,46909,37988,99,2016-03-21,2016-02-23
2016,46849,38470,75,2016-03-25,2016-02-12
2016,46863,34644,121,2016-02-29,2016-02-25
2016,46918,46125,124,2016-03-10,2016-02-29
2016,46919,36985,122,2016-03-24,2016-02-29
2016,46939,1403,112,2016-03-15,2016-02-29
2016,46959,40501,117,2016-03-09,2016-02-29
2016,46971,36468,141,2016-03-20,2016-03-01
2016,46960,40547,110,2016-03-08,2016-03-04
2016,46961,1561,119,2016-03-12,2016-03-04
2016,46913,17258,127,2016-03-20,2016-02-21
2017,47808,36359,140,2017-02-09,NA
2017,47810,34209,143,2017-02-18,NA
2017,47746,34130,127.8,2017-02-14,2017-02-11
2017,47700,36702,158,2017-02-12,NA
2017,47694,40411,118.2,2017-02-10,2017-01-24
2017,47742,36567,143,2017-02-12,NA
2017,47696,42883,135,2017-02-05,NA
2017,47838,36382,129,2017-02-23,NA
2017,48049,38470,138,2017-02-26,NA
2017,48084,34352,146,2017-03-09,NA
2017,47845,40579,147,2017-03-01,NA
2017,48071,47658,145,2017-02-16,NA
2017,47869,40338,91,2017-03-01,2017-02-16
2017,48218,40952,104,2017-02-25,2017-02-17
2017,47972,2406,154,2017-02-14,NA
2017,47843,42560,129,2017-02-27,NA
2017,48203,2078,137,2017-02-16,2017-02-12
2017,48216,40364,138,2017-02-19,NA
2017,47812,17361,156,2017-02-23,NA
2017,47844,42286,105,2017-02-25,2017-02-15
2017,48285,40531,126,2017-03-01,2017-02-23
2017,48190,31469,155,2017-03-03,2017-02-26
2017,48189,36681,113,2017-03-01,2017-02-23
2017,47842,32824,155,2017-03-06,2017-03-01
2017,48227,36636,141,2017-03-05,2017-03-01
2017,48287,17080,131,2017-03-10,2017-02-26
2017,48196,36707,145,2017-02-22,NA
2017,48224,40047,143,2017-02-26,NA
2017,48213,42029,139,2017-03-01,NA
2017,48298,34120,140,2017-02-28,NA
2017,48286,16434,86,2017-03-06,2017-02-26
2017,48333,1403,104,2017-03-16,2017-03-05
2018,48920,40954,103,2018-02-22,2018-01-29
2018,48952,44177,95.2,2018-02-17,2018-01-30
2018,49408,41910,89.2,2018-03-06,2018-02-23
2018,48997,40336,118.8,2018-02-21,2018-02-19
2018,48965,40364,155,2018-03-23,NA
2018,48964,40796,92.6,2018-03-09,2018-02-23
2018,48905,42179,110,2018-02-02,2018-01-28
2018,49106,36707,148,2018-03-07,NA
2018,49079,40606,82.4,2018-02-14,2018-02-07
2018,48991,45460,99.2,2018-02-15,2018-02-11
2018,48912,44408,94.4,2018-02-25,2018-01-29
2018,48995,44320,97.6,2018-02-18,2018-02-01
2018,49311,2078,142.2,2018-02-17,2018-02-15
2018,48914,42303,49.4,2018-03-05,2018-02-04
2018,48899,41847,139,2018-03-02,NA
2018,48902,44148,126.8,2018-02-16,2018-02-12
2018,49135,20650,123.2,2018-02-25,2018-02-09
2018,49226,42883,90.6,2018-02-17,2018-02-11
2018,49394,40884,146,2018-03-10,NA
2018,49568,1561,157,2018-03-06,2018-03-04
2018,49342,40798,125.2,2018-02-20,2018-02-17
2018,49269,17361,135.6,2018-03-11,2018-02-18
2018,49014,23178,113,2018-03-22,2018-02-19
2018,49090,42069,114.2,2018-03-21,2018-02-17
2018,48924,17637,131,2018-02-02,2018-01-30
2018,49047,44356,101.4,2018-02-17,2018-02-14
2018,49013,45553,93,2018-02-18,2018-02-17
2018,49398,44410,119,2018-02-19,2018-02-17
2018,49390,42688,133,2018-02-20,2018-02-17
2018,49389,20643,138.4,2018-02-27,2018-02-19
2018,49222,38289,116.2,2018-03-10,2018-02-24
2018,49365,34209,149.9,2018-02-21,2018-02-21
2018,49319,32824,121,2018-02-23,2018-02-22
2018,49219,40047,134.8,2018-02-24,2018-02-19
2018,49464,45419,77.6,2018-03-04,2018-02-24
2018,49145,36681,130.4,2018-03-09,2018-02-18
2018,49419,34120,151,2018-03-22,2006-12-04
2018,49427,40173,150,2018-03-02,2008-12-08
2018,49069,44137,150,2018-03-02,2002-10-08
2019,49952,44571,95,2019-02-27,2019-01-30
2019,49979,17258,134,2019-02-19,2019-02-07
2019,50278,47444,98.8,2019-02-22,2019-02-07
2019,50739,40840,123.8,2019-02-22,2019-02-02
2019,50444,40364,121.6,2019-02-23,2019-02-16
2019,50342,41763,95,2019-02-25,2019-02-23
2019,50341,40645,103.8,2019-03-06,2019-02-21
2019,50340,40798,129,2019-03-04,2019-02-22
2019,50366,42133,142,2019-02-25,2019-02-09
2019,50367,42333,110.2,2019-03-14,2019-02-06
2019,49991,40411,135,2019-03-08,2019-02-06
2019,50281,45465,99.4,2019-03-03,2019-02-06
2019,50274,44177,107,2019-02-27,2019-02-12
2019,49956,20650,142.8,2019-02-11,2019-02-05
2019,49971,45425,98,2019-02-27,2019-02-06
2019,49970,17637,117.2,2019-03-14,2019-02-07
2019,49958,45100,66.6,2019-02-11,2019-02-07
2019,50279,45722,109.4,2019-02-11,2019-01-30
2019,50501,16434,132.6,2019-02-16,2019-02-15
2019,50441,42257,128,2019-02-18,2019-02-10
2019,50428,46864,87.6,2019-02-18,2019-02-08
2019,50334,41847,133.6,2019-02-19,2019-02-09
2019,50549,46595,70.6,2019-03-03,2019-02-22
2019,50622,32824,114,2019-03-08,2019-02-19
2019,50548,45460,111.8,2019-03-04,2019-02-27
2019,50338,42657,123,2019-03-07,2019-02-20
2019,50552,45564,86.2,2019-03-14,2019-02-15
2019,50639,45419,107.6,2019-03-04,2019-02-21
2019,50326,45438,102,2019-02-27,2019-02-15
2019,50430,17302,132.8,2019-02-27,2019-02-10
2019,49980,36634,123.2,2019-02-27,2019-02-09
2019,50570,44375,111.4,2019-02-23,2019-02-21
2019,50606,36681,135.2,2019-03-15,2019-02-26
2019,50424,36358,123.2,2019-03-07,2019-02-22
2019,50337,40884,139.9,2019-03-07,2019-02-26
2019,50667,45553,96.2,2019-03-11,2019-02-24
2019,50396,38430,129.4,2019-03-03,2019-02-21
2019,50672,36636,145.8,2019-03-03,2019-02-19
2019,50397,44075,67.4,2019-03-14,2019-02-14
2019,50538,42069,151,2019-03-07,2019-02-22
2019,50310,38470,100.6,2019-03-07,2019-02-21
2019,50669,44349,97.8,2019-03-08,2019-02-21
2019,50371,38521,116,2019-03-11,2019-02-13
2019,50783,1561,139.8,2019-03-15,2019-03-11
2020,51452,47152,93.8,2020-02-22,2020-02-08
2020,51710,47140,107.2,2020-02-24,2020-02-18
2020,51713,45570,112.2,2020-03-02,2020-02-19
2020,51431,46593,77.8,2020-03-10,2020-02-05
2020,51387,45081,130.8,2020-02-17,2020-02-04
2020,51371,36382,113.6,2020-03-10,2020-02-05
2020,51743,40411,95.4,2020-02-26,2020-02-10
2020,51499,32824,116.4,2020-03-03,2020-02-14
2020,51445,40932,131,2020-02-19,2020-02-07
2020,51658,45564,93.4,2020-03-10,2020-02-15
2020,51389,42319,103.6,2020-03-16,2020-02-12
2020,51506,36985,133.8,2020-03-04,2020-02-15
2020,51363,44408,104.8,2020-03-10,2020-02-09
2020,51727,44356,119.6,2020-02-28,2020-02-12
2020,51612,44204,117.8,2020-02-28,2020-02-12
2020,51529,46971,97.4,2020-02-15,2020-02-05
2020,51505,44075,95.6,2020-03-04,2020-02-10
2020,51649,45438,117,2020-02-28,2020-02-13
2020,51645,45079,115.4,2020-03-10,2020-02-09
2020,51513,42333,129,2020-02-21,2020-02-09
2020,51656,41910,117.6,2020-03-06,2020-02-12
2020,51718,41763,140,2020-03-04,2020-02-18
2020,51751,46864,121.8,2020-02-17,2020-02-15
2020,51539,40615,131.6,2020-03-03,2020-02-14
2020,51500,40883,117.2,2020-02-27,2020-02-16
2020,51285,51260,95,2020-03-10,2020-01-24
2020,51364,44148,95.2,2020-03-16,2020-01-26
2020,51306,40047,126.6,2020-03-10,2020-02-05
2020,51509,45465,128.6,2020-02-22,2020-02-18
2020,51416,44177,138.9,2020-02-19,2020-02-15
2020,51417,42029,123.8,2020-02-19,2020-02-16
2020,51540,40834,135.6,2020-02-21,2020-02-06
2020,51427,46837,107,2020-02-18,2020-02-06
2020,52056,44349,117,2020-03-07,2020-02-28
2020,51388,42560,121.8,2020-03-10,2020-02-15
2020,51766,34222,121.8,2020-02-28,2020-02-14
2020,51752,37071,123.4,2020-03-10,2020-02-27
2020,51953,47444,103.4,2020-02-22,2020-02-21
2020,51508,42069,139,2020-02-22,2020-02-18
2020,51711,40952,122,2020-02-24,2020-02-22
2020,51396,34209,142.2,2020-02-25,2020-02-17
2020,51768,37975,147.8,2020-02-28,2020-02-22
2020,51821,38470,117.6,2020-03-04,2020-02-21
2020,51852,36636,131.8,2020-03-10,2020-02-18
2020,51709,20643,146.6,2020-02-27,2020-02-21
2020,51769,45419,116.8,2020-03-05,2020-02-23
2020,51874,45553,113.6,2020-03-10,2020-02-29
2020,51701,44375,130.2,2020-02-29,2020-02-23
2020,51869,44410,121.4,2020-03-05,2020-02-24
2020,51761,46595,91.4,2020-03-03,2020-02-22
2020,51808,42847,144.4,2020-03-02,2020-02-21
2020,51880,40660,142.4,2020-03-10,2020-02-27
2020,51720,2078,126.6,2020-03-04,2020-02-12
2020,52129,1561,119.8,2020-03-16,2020-03-11
2021,52679,36382,131.8,2021-02-25,2021-02-16
2021,52794,40932,133.4,2021-02-13,2021-02-10
2021,52804,44148,107.4,2021-03-01,2021-01-27
2021,52838,45460,47.2,2021-02-28,2021-01-26
2021,52789,44962,117.5,2021-02-21,2021-02-05
2021,53016,41763,138.4,2021-02-25,2021-02-21
2021,52805,44571,104.6,2021-02-19,2021-02-06
2021,53241,45776,133.6,2021-03-01,2021-02-19
2021,53512,42560,117.2,2021-02-26,2021-02-23
2021,53130,45282,125.6,2021-03-01,2021-02-26
2021,53245,42657,135,2021-02-19,2021-02-16
2021,52975,36567,113.4,2021-03-01,2021-02-14
2021,53093,44177,111,2021-03-13,2021-02-21
2021,53244,40037,141,2021-03-06,2021-03-03
2021,52970,36634,128.8,2021-03-05,2021-02-16
2021,52651,47083,84.4,2021-03-11,2021-01-19
2021,52806,45454,114,2021-02-13,2021-02-03
2021,52660,46895,102,2021-02-18,2021-01-18
2021,52663,45177,126,2021-02-14,2021-01-25
2021,52995,48257,113.6,2021-02-18,2021-02-11
2021,52797,45100,124,2021-02-13,2021-02-06
2021,52990,40339,130.6,2021-02-13,2021-02-08
2021,53115,46837,123.4,2021-02-14,2021-02-07
2021,53083,42653,112.4,2021-03-01,2021-02-09
2021,53057,38400,158.5,2021-02-21,2021-02-06
2021,52969,46133,114.6,2021-03-11,2021-02-08
2021,52942,45081,130.8,2021-03-01,2021-02-10
2021,53404,44410,122.8,2021-03-03,2021-02-27
2021,53632,40884,130,2021-03-04,2021-03-03
2021,53144,47140,112.6,2021-02-20,2021-02-13
2021,53147,40870,133.6,2021-03-04,2021-02-11
2021,53075,49891,73.4,2021-03-11,2021-02-14
2021,53089,46971,103.5,2021-02-21,2021-02-11
2021,53174,46902,104,2021-03-11,2021-02-10
2021,53151,44448,105.4,2021-03-03,2021-02-13
2021,53224,47125,91.2,2021-03-03,2021-02-16
2021,53060,44075,104,2021-02-19,2021-02-15
2021,52951,46864,109.2,2021-02-27,2021-02-14
2021,53121,40883,97.6,2021-02-20,2021-02-14
2021,53118,40047,126,2021-02-20,2021-02-11
2021,53193,40364,149.2,2021-02-20,2021-02-12
2021,52839,42069,125.8,2021-03-03,2021-02-16
2021,53102,48332,108,2021-02-25,2021-02-17
2021,53140,36358,130.6,2021-03-06,2021-02-15
2021,53142,45438,125.4,2021-03-06,2021-02-15
2021,53294,16547,116.2,2021-03-01,2021-02-19
2021,53406,44375,121.8,2021-02-27,2021-02-19
2021,53074,48244,128.2,2021-03-04,2021-02-18
2021,53258,20844,124.2,2021-02-28,2021-02-18
2021,53084,40834,122.8,2021-03-01,2021-02-20
2021,53153,41910,122.6,2021-03-01,2021-02-16
2021,53148,40062,124.6,2021-02-27,2021-02-15
2021,53187,31469,136.6,2021-02-28,2021-02-20
2021,53460,40660,129.2,2021-03-04,2021-02-20
2021,53143,40951,131.4,2021-03-04,2021-02-20
2021,53131,40615,138.2,2021-02-27,2021-02-18
2021,53459,45419,118,2021-02-26,2021-02-18
2021,53293,40952,124.4,2021-03-03,2021-02-22
2021,53292,45465,133,2021-03-03,2021-02-24
2021,53493,42321,122,2021-03-05,2021-02-21
2021,53500,36636,155.2,2021-03-01,2021-02-22
2021,53072,34209,150,2021-02-27,2021-02-23
2021,53283,34244,135.2,2021-03-13,2021-02-16
2021,53464,42847,129.6,2021-02-28,2021-02-22
2021,53396,20643,125,2021-02-27,2021-02-25
2021,53399,42286,81.4,2021-02-27,2021-02-25
2021,53291,42257,137.8,2021-02-27,2021-02-23
2021,53285,17258,122,2021-03-01,2021-02-21
2021,53400,48303,72,2021-03-04,2021-02-28
2021,53397,36681,141.4,2021-03-06,2021-02-25
2021,53514,37988,121,2021-03-06,2021-02-23
2021,53504,44349,104.8,2021-03-06,2021-03-01
2021,53635,46988,113.2,2021-03-06,2021-03-03
2021,53505,44137,153.8,2021-03-11,2021-03-08
2021,53634,1561,127.2,2021-03-14,2021-03-11
2021,52982,46787,135.4,2021-02-13,2021-02-11
2021,53109,40618,122.2,2021-02-13,2021-02-11
2021,53135,40867,148.4,2021-02-13,2021-02-11
2021,53134,46909,106.8,2021-02-13,2021-02-08
2021,53402,36702,159.8,2021-02-21,2021-02-20
2021,53132,38241,129.6,2021-02-26,2021-02-24
2021,53108,46703,100.2,2021-02-28,2021-02-15
2022,42511,17071,393,2022-02-02,2013-02-16
2022,54789,42653,123.4,2022-03-06,2022-02-06
2022,54813,49350,92.4,2022-02-11,2022-02-04
2022,54764,41847,138,2022-01-29,2022-02-04
2022,54763,45079,128.8,2022-02-12,2022-02-06
2022,54917,45564,117,2022-02-05,2022-02-08
2022,54917,45564,112,2022-02-27,2022-02-08
2022,54804,46133,130,2022-02-08,2022-02-08
2022,54804,46133,125,2022-02-10,2022-02-08
2022,55030,45456,137.8,2022-02-18,2022-02-15
2022,54842,40932,144.2,2022-02-18,2022-02-15
2022,55045,49504,100,2022-03-09,2022-02-16
2022,54991,36636,145,2022-02-20,2022-02-26
2022,55029,45081,144,2022-02-18,2022-02-17
2022,54961,44571,117.2,2022-02-13,2022-02-12
2022,54781,48499,76,2022-03-06,2022-02-04
2022,54762,45093,99,2022-01-31,2022-02-08
2022,54762,45093,103.6,2022-02-25,2022-02-08
2022,54799,42713,107,2022-01-31,2022-02-07
2022,54799,42713,111.4,2022-02-12,2022-02-07
2022,54918,38369,131,2022-02-05,2022-02-09
2022,54918,38369,146.6,2022-02-12,2022-02-09
2022,54937,40287,133,2022-02-06,2022-02-11
2022,54937,40287,143,2022-02-13,2022-02-11
2022,54939,36985,138,2022-02-06,2022-02-11
2022,54939,36985,149,2022-02-13,2022-02-11
2022,55020,40645,83,2022-02-10,2022-02-22
2022,55020,40645,125.2,2022-02-25,2022-02-22
2022,54989,46859,114,2022-02-14,2022-02-17
2022,54989,46859,112.2,2022-02-21,2022-02-17
2022,54998,42321,143,2022-02-14,2022-02-15
2022,54998,42321,131,2022-03-05,2022-02-15
2022,54936,40834,125,2022-02-11,2022-02-18
2022,54936,40834,128,2022-02-25,2022-02-18
2022,55056,42657,99.2,2022-02-27,2022-02-24
2022,54932,40339,147.2,2022-02-23,2022-02-17
2022,55316,47444,116.8,2022-03-05,2022-02-19
2022,54956,49843,93.6,2022-02-28,2022-02-17
2022,55052,44177,130.8,2022-02-28,2022-02-22
2022,55022,48482,117.8,2022-02-27,2022-02-23
2022,55406,45282,134.2,2022-03-08,2022-03-02
2022,55249,48244,114.2,2022-03-03,2022-02-25
2022,54895,44962,110.6,2022-02-28,2022-02-09
2022,55414,44349,138.6,2022-02-28,2022-02-26
2022,55455,37071,125.4,2022-03-12,2022-02-26
2022,55310,44410,134.4,2022-03-01,2022-03-01
2022,55176,40062,122.8,2022-03-01,2022-02-28
2022,55403,34244,144,2022-03-05,2022-02-24
2022,55441,46988,110.4,2022-03-05,2022-03-03
2022,55464,40798,138.4,2022-03-05,2022-03-02
2022,55426,20643,133.4,2022-03-05,2022-02-28
2022,55385,41763,147.7,2022-02-28,2022-02-24
2022,54734,46788,112.8,2022-02-12,2022-01-29
2022,54733,46965,47,2022-01-20,NA
2022,54750,44448,41,2022-01-25,2022-02-18
2022,54750,44448,118.2,2022-02-20,2022-02-18
2022,54798,46902,51,2022-01-29,2022-02-16
2022,54798,46902,114,2022-03-09,2022-02-16
2022,54826,46787,53,2022-01-31,2022-02-24
2022,54826,46787,126,2022-03-03,2022-02-24
2022,54827,47126,42,2022-02-01,2022-02-28
2022,54827,47126,123,2022-03-06,2022-02-28
2022,54862,46703,32,2022-02-03,2022-02-25
2022,54862,46703,95.4,2022-03-03,2022-02-25
2022,54995,46857,55,2022-02-09,2022-03-01
2022,54995,46857,135.8,2022-03-05,2022-03-01
2022,54818,45425,129,2022-02-15,2022-02-15
2022,54818,45425,115,2022-03-07,2022-02-15
2022,55007,44204,142,2022-02-17,2022-02-19
2022,55007,44204,140,2022-03-08,2022-02-19
2022,54738,47083,49,2022-01-21,2022-02-08
2022,54738,47083,139.2,2022-02-25,2022-02-08
2022,54739,47140,44,2022-01-22,2022-02-13
2022,54739,47140,122,2022-02-18,2022-02-13
2022,54944,49395,113.6,2022-02-13,2022-02-12
2022,55019,46653,139.2,2022-02-13,2022-02-11
2022,55003,48082,123.2,2022-02-13,2022-02-12
2022,55311,36681,146.8,2022-03-01,2022-02-26
2022,55251,45465,123.4,2022-03-03,2022-02-24
2022,55317,42029,99.2,2022-03-04,2022-02-24
2022,54792,49503,86.8,2022-03-01,2022-01-31
2022,55247,46595,98.4,2022-03-08,2022-02-18
2022,55053,40615,134.8,2022-03-03,2022-02-20
2022,54812,40258,119.4,2022-03-12,2022-02-10
2022,54964,40660,133,2022-02-19,2022-02-23
2022,54756,45177,123.2,2022-02-17,2022-01-30
2022,54887,48154,116,2022-02-17,2022-02-14
2022,55413,38470,97.8,2022-03-12,2022-02-28
2022,55478,1561,97.2,2022-03-19,2022-03-09
2022,54992,37988,120,2022-02-17,2022-02-23
2022,54992,37988,126,2022-03-10,2022-02-23
2022,54807,49594,101.6,2022-02-24,2022-02-09
2022,54814,48020,118,2022-02-20,2022-02-11
2022,55307,45776,117,2022-02-19,2022-02-26
2022,54909,40883,105.8,2022-03-01,2022-02-22
2022,55397,44375,141,2022-02-20,2022-02-21
2022,55397,44375,119,2022-03-10,2022-02-21
2022,55035,34677,127,2022-02-19,2022-02-19
2022,55035,34677,114,2022-03-04,2022-02-19
2023,57476,44075,103,2023-02-06,2023-02-09
2023,57476,44075,103,2023-02-09,2023-02-09
2023,57695,47032,122.6,2023-02-26,2023-02-17
2023,57586,42653,126.4,2023-02-20,2023-02-16
2023,57703,44448,140.8,2023-02-20,2023-02-17
2023,57603,40883,118.2,2023-02-21,2023-02-18
2023,57541,47416,117,2023-02-07,2023-02-07
2023,57541,47416,103.8,2023-02-18,2023-02-07
2023,57469,46960,116,2023-02-08,2023-02-04
2023,57527,36358,100,2023-02-10,2023-02-17
2023,57527,36358,109.2,2023-02-20,2023-02-17
2023,57587,42303,128,2023-02-12,2023-02-15
2023,57587,42303,127,2023-02-19,2023-02-15
2023,57598,40618,118,2023-02-13,2023-02-13
2023,57711,46986,119,2023-02-16,2023-02-19
2023,57711,46986,124.8,2023-02-20,2023-02-19
2023,57610,44410,119,2023-02-18,2023-02-24
2023,57610,44410,141,2023-02-26,2023-02-24
2023,57682,40047,114,2023-02-17,2023-02-24
2023,57682,40047,132.4,2023-02-26,2023-02-24
2023,57710,42883,110,2023-02-16,2023-02-18
2023,57710,42883,103.8,2023-02-22,2023-02-18
2023,57583,40615,136,2023-02-13,2023-02-19
2023,57583,40615,142.6,2023-02-23,2023-02-19
2023,57702,46903,126,2023-02-22,2023-02-22
2023,57702,46903,115.8,2023-02-26,2023-02-22
2023,57667,40884,147,2023-02-22,2023-02-24
2023,57667,40884,151,2023-03-06,2023-02-24
2023,57692,40062,125,2023-03-01,2023-03-02
2023,57692,40062,120,2023-03-04,2023-03-02
2023,57731,36681,140,2023-02-25,2023-02-27
2023,57731,36681,142.6,2023-03-06,2023-02-27
2023,57650,42286,124,2023-02-15,2023-02-20
2023,57650,42286,127,2023-02-27,2023-02-20
2023,57600,40867,120,2023-02-14,2023-02-24
2023,57600,40867,137.6,2023-03-06,2023-02-24
2023,57751,37071,113,2023-02-22,2023-02-26
2023,57751,37071,126.6,2023-03-07,2023-02-26
2023,57465,40870,140,2023-02-18,2023-02-06
2023,57500,48986,122,2023-02-20,2023-02-11
2023,57655,47083,113.6,2023-03-04,2023-02-14
2023,57577,42657,143.2,2023-02-14,2023-02-13
2023,57511,42713,122.6,2023-02-14,2023-02-12
2023,57521,50625,111.8,2023-02-15,2023-02-12
2023,57506,44355,145.2,2023-02-21,2023-02-17
2023,57683,44535,119.4,2023-03-08,2023-02-17
2023,57558,45081,149,2023-02-21,2023-02-18
2023,57705,45425,128.8,2023-02-27,2023-02-22
2023,57718,40366,136.4,2023-02-26,2023-02-19
2023,57675,44141,140,2023-02-27,2023-02-22
2023,57701,45564,111.4,2023-02-26,2023-02-19
2023,57684,49654,113,2023-03-02,2023-02-18
2023,57591,47444,131.6,2023-02-27,2023-02-17
2023,57732,42029,128.2,2023-02-26,2023-02-22
2023,57691,44375,136.4,2023-02-26,2023-02-24
2023,57755,17258,111.2,2023-03-07,2023-02-27
2023,57593,44349,119.4,2023-03-05,2023-02-21
2023,57748,20643,141.2,2023-03-04,2023-02-27
2023,57821,46988,102.2,2023-03-04,2023-03-03
2023,57445,46788,132,2023-01-25,2023-01-29
2023,57445,46788,128,2023-02-09,2023-01-29
2023,57464,40338,117,2023-02-01,2023-02-06
2023,57464,40338,107,2023-02-07,2023-02-06
2023,57454,50634,84.4,2023-02-19,2023-02-16
2023,57453,47140,136.2,2023-02-18,2023-02-15
2023,57456,49001,97,2023-02-20,2023-02-18
2023,57568,48924,133,2023-02-11,2023-02-13
2023,57441,44452,107.4,2023-03-11,2023-02-09
2023,57546,46965,119.4,2023-02-26,2023-02-10
2023,57458,49201,97.2,2023-02-23,2023-02-05
2023,57578,44962,136.6,2023-02-25,2023-02-10
2023,57579,50501,97.4,2023-02-19,2023-02-10
2023,57475,49454,121.4,2023-02-14,2023-02-06
2023,57530,45456,135.2,2023-02-15,2023-02-15
2023,57512,49350,109.8,2023-02-14,2023-02-12
2023,57486,41847,133,2023-02-19,2023-02-13
2023,57707,45722,140,2023-02-23,2023-02-18
2023,57585,45079,138,2023-02-19,2023-02-16
2023,57489,34222,128.2,2023-02-25,2023-02-09
2023,57687,42847,143,2023-02-21,2023-02-18
2023,57653,46703,113.6,2023-02-23,2023-02-22
2023,57664,42257,143.6,2023-02-23,2023-02-22
2023,57575,44571,100.2,2023-02-25,2023-02-10
2023,57720,44234,123,2023-02-26,2023-02-24
2023,57694,51374,67.2,2023-02-27,2023-02-21
2023,57734,48244,101.6,2023-03-01,2023-02-27
2023,57741,41763,149,2023-03-07,2023-03-05
2023,57819,36636,134.6,2023-03-07,2023-03-02
2024,60463,48499,95.6,2024-03-07,2024-02-01
2024,60472,49201,101.6,2024-03-05,2024-02-06
2024,60573,52119,112.6,2024-03-12,2024-02-17
2024,60582,49654,101.4,2024-03-12,2024-02-25
2024,60623,49677,106,2024-03-05,2024-03-02
2024,60576,49350,100.4,2024-03-01,2024-02-17
2024,60568,48257,109.4,2024-03-11,2024-02-14
2024,60456,51792,92.6,2024-03-06,2024-01-29
2024,60898,45081,126,2024-03-14,2024-02-21
2024,61040,42883,99.8,2024-03-11,2024-02-23
2024,60560,46837,130.8,2024-02-21,2024-02-10
2024,60837,38400,148.6,2024-03-14,2024-02-23
2024,60992,46988,108.4,2024-03-07,2024-03-01
2024,60888,46905,128,2024-03-04,2024-02-22
2024,61049,42257,121.8,2024-03-12,2024-02-29
2024,60946,40366,118.4,2024-03-04,2024-02-26
2024,60891,40287,126.3,2024-02-29,2024-02-19
2024,60897,51911,82,2024-03-07,2024-02-16
2024,60824,50475,102.4,2024-02-22,2024-02-17
2024,60922,45419,135.8,2024-02-21,2024-02-17
2024,60612,51622,111.8,2024-02-22,2024-02-16
2024,60608,45438,144.6,2024-02-23,2024-02-17
2024,60896,53215,80.6,2024-02-29,2024-02-17
2024,60935,41847,95.2,2024-03-11,2024-02-17
2024,60843,45079,117.2,2024-03-14,2024-02-17
2024,60900,42657,122,2024-03-14,2024-02-17
2024,60630,44177,129,2024-03-01,2024-02-19
2024,60838,44204,145.8,2024-03-14,2024-02-19
2024,60964,42713,106.8,2024-03-14,2024-02-17
2024,60592,40834,123.8,2024-03-06,2024-02-08
2024,60586,44452,112.2,2024-02-27,2024-02-09
2024,60899,44075,107.2,2024-02-16,2024-02-14
2024,60855,34677,105.2,2024-02-23,2024-02-19
2024,60989,46960,117,2024-02-29,2024-02-21
2024,60624,40579,134.8,2024-02-23,2024-02-13
2024,60602,40336,108.6,2024-03-13,2024-02-11
2024,60827,48986,91.6,2024-02-28,2024-02-13
2024,60578,48940,124,2024-02-16,2024-02-11
2024,60579,51640,99.2,2024-02-16,2024-02-02
2024,60628,51711,95,2024-03-11,2024-02-14
2024,60607,44962,136,2024-02-16,2024-02-13
2024,60581,50850,99.2,2024-03-06,2024-02-06
2024,60924,52180,98,2024-02-27,2024-02-15
2024,60605,41910,115.2,2024-03-08,2024-02-17
2024,60847,42560,138.2,2024-02-26,2024-02-22
2024,60906,46965,119.4,2024-03-06,2024-02-15
2024,60616,49965,107.6,2024-02-21,2024-02-14
2024,60619,53119,81.8,2024-02-21,2024-02-17
2024,60904,51374,104.6,2024-02-21,2024-02-15
2024,60858,37988,128.8,2024-02-21,2024-02-21
2024,60859,47416,130.6,2024-02-22,2024-02-17
2024,60907,40411,108.8,2024-03-05,2024-02-23
2024,60969,44355,133,2024-02-29,2024-02-20
2024,61035,48303,123.4,2024-03-05,2024-02-25
2024,61025,40364,87.8,2024-03-05,2024-02-24
2024,60923,46653,135.2,2024-02-28,2024-02-22
2024,60834,48924,139.8,2024-03-01,2024-02-21
2024,60890,49504,118,2024-02-23,2024-02-23
2024,60821,45722,131.2,2024-02-22,2024-02-19
2024,60884,40951,138.4,2024-02-26,2024-02-22
2024,61101,40615,122,2024-03-07,2024-02-25
2024,61050,36681,132.2,2024-03-07,2024-03-02
2024,61000,50634,108.4,2024-03-11,2024-03-05
2024,60971,49594,134.8,2024-02-28,2024-02-27
2024,60988,40047,103.2,2024-02-29,2024-02-26
2024,60940,40884,122.6,2024-03-08,2024-02-28
2024,61001,17258,91.4,2024-03-01,2024-02-28
2024,60987,47032,107.6,2024-03-04,2024-02-27
2024,61118,46857,121,2024-03-04,2024-03-02
2024,60945,49544,114,2024-03-05,2024-02-29
2024,60996,40062,114.8,2024-03-06,2024-03-05
2025,62862,51907,106,2025-02-18,2025-02-06
2025,62859,50625,113,2025-02-25,2025-02-08
2025,62887,48082,131.2,2025-02-22,2025-02-15
2025,62979,46960,105.6,2025-03-04,2025-02-16
2025,63050,50475,117.2,2025-03-09,2025-02-18
2025,62247,44397,108,2025-03-07,2025-01-06
2025,62707,51642,105,2025-03-09,2025-01-27
2025,62703,49201,103.2,2025-03-07,2025-01-28
2025,62907,53130,104,2025-03-07,2025-02-13
2025,63060,46653,121.8,2025-03-05,2025-02-19
2025,62946,44535,126.6,2025-02-27,2025-02-18
2025,63062,49544,129.8,2025-02-26,2025-02-20
2025,62949,44177,133.8,2025-02-22,2025-02-19
2025,62954,40366,143.4,2025-02-22,2025-02-20
2025,62924,45081,145.4,2025-02-22,2025-02-19
2025,62922,38430,151.4,2025-02-22,2025-02-19
2025,62662,52991,80.6,2025-03-07,2025-02-04
2025,62663,53738,89,2025-03-07,2025-02-02
2025,62667,48499,100.2,2025-03-08,2025-02-04
2025,62670,48940,125,2025-02-15,2025-02-06
2025,62671,51374,105.8,2025-02-19,2025-02-09
2025,62672,50301,107.2,2025-02-18,2025-02-09
2025,62696,53030,121.6,2025-03-07,2025-02-16
2025,62708,46787,144.2,2025-02-19,2025-02-13
2025,62744,44355,129.6,2025-02-28,2025-02-16
2025,62745,45465,124.8,2025-02-27,2025-02-18
2025,62839,48303,133.6,2025-03-06,2025-02-25
2025,62864,51370,100.2,2025-02-18,2025-02-06
2025,62818,54063,97.2,2025-03-09,2025-02-09
2025,62861,53226,104.2,2025-02-18,2025-02-09
2025,62868,51872,122.2,2025-02-21,2025-02-09
2025,62877,46847,124.2,2025-02-21,2025-02-09
2025,62984,45441,124,2025-03-08,2025-02-20
2025,62759,36985,110.4,2025-03-07,2025-02-04
2025,62821,53013,103.4,2025-02-27,2025-02-04
2025,62779,52990,88.8,2025-03-07,2025-02-08
2025,62761,33914,97.8,2025-02-19,2025-02-05
2025,62891,44962,139.6,2025-02-25,2025-02-12
2025,62902,51363,114.4,2025-02-15,2025-02-14
2025,62870,40834,133,2025-02-21,2025-02-11
2025,62808,48986,136,2025-02-19,2025-02-13
2025,62878,40618,117.2,2025-02-19,2025-02-12
2025,62914,42319,117.4,2025-03-01,2025-02-14
2025,62910,40951,130.2,2025-02-27,2025-02-20
2025,63149,42286,136.6,2025-02-27,2025-02-21
2025,63119,40364,156,2025-02-24,2025-02-20
2025,62962,40884,154,2025-02-24,2025-02-20
2025,63197,49504,107.6,2025-03-05,2025-03-01
2025,62966,40047,112.2,2025-03-07,2025-02-21
2025,62959,42257,130.6,2025-02-27,2025-02-23
2025,62934,42847,146.6,2025-02-24,2025-02-20
2025,62879,48154,114.6,2025-03-08,2025-02-11
2025,62923,52119,130.4,2025-03-01,2025-02-21
2025,62952,50634,131.8,2025-03-01,2025-02-22
2025,62892,45079,151,2025-02-15,2025-02-12
2025,62903,50850,138,2025-02-15,2025-02-13
2025,62855,42657,165.6,2025-02-18,2025-02-16
2025,62876,48343,134.8,2025-02-19,2025-02-16
2025,62841,51555,103.6,2025-02-19,2025-02-12
2025,62749,44452,122,2025-03-08,2025-02-01
2025,62909,47126,127.4,2025-03-05,2025-02-15
2025,62828,53215,90.4,2025-02-27,2025-02-12
2025,62852,47083,111.2,2025-03-06,2025-02-06
2025,62908,53152,101.6,2025-03-06,2025-02-15
2025,62853,46593,124.8,2025-02-21,2025-02-10
2025,62886,40287,126,2025-02-28,2025-02-14
2025,62896,48020,125.6,2025-03-04,2025-02-14
2025,62848,44356,124.2,2025-02-21,2025-02-09
2025,62930,34244,148.8,2025-02-27,2025-02-14
2025,62932,45438,160,2025-02-20,2025-02-20
2025,63144,45177,138.8,2025-02-20,2025-02-20
2025,62874,46703,111.8,2025-02-21,2025-02-13
2025,62911,45722,141.6,2025-02-20,2025-02-19
2025,63156,47032,126.4,2025-02-24,2025-02-23
2025,63161,51911,140.2,2025-02-26,2025-02-26
2025,63058,42560,141,2025-02-26,2025-02-22
2025,63180,40037,123.6,2025-02-26,2025-02-24
2025,63191,46988,116.2,2025-02-27,2025-02-26
2025,62970,45282,113.8,2025-02-27,2025-02-20
2025,63196,49677,115.8,2025-03-04,2025-03-02
2025,63148,49594,139.6,2025-03-04,2025-03-02
2025,63193,36681,142.4,2025-03-05,2025-03-03
2025,63044,33845,131.2,2025-02-28,2025-02-23
2025,63177,20643,140.4,2025-02-28,2025-02-28
2025,62950,42883,123.6,2025-03-01,2025-02-21
2025,62915,44408,91,2025-03-01,2025-02-18
2025,63048,40062,122.4,2025-03-07,2025-03-06
